"","unique.ds.DTXSID."
"1","DTXSID50897563"
"2","DTXSID20880422"
"3","DTXSID10576342"
"4","DTXSID10880416"
"5","DTXSID40881138"
"6","DTXSID50893560"
"7","DTXSID70881323"
"8","DTXSID10583354"
"9","DTXSID20337380"
"10","DTXSID20699379"
"11","DTXSID10342827"
"12","DTXSID90631802"
"13","DTXSID60659755"
"14","DTXSID20896301"
"15","DTXSID80528358"
"16","DTXSID30895683"
"17","DTXSID30751513"
"18","DTXSID40575181"
"19","DTXSID00503607"
"20","DTXSID90500706"
"21","DTXSID701023054"
"22","DTXSID00822683"
"23","DTXSID90754560"
"24","DTXSID40567046"
"25","DTXSID10549238"
"26","DTXSID50420375"
"27","DTXSID00895615"
"28","DTXSID60896688"
"29","DTXSID80895214"
"30","DTXSID20896306"
"31","DTXSID70578908"
"32","DTXSID20340298"
"33","DTXSID70805307"
"34","DTXSID10896658"
"35","DTXSID90895306"
"36","DTXSID10896739"
"37","DTXSID10344962"
"38","DTXSID40893519"
"39","DTXSID50611544"
"40","DTXSID70662952"
"41","DTXSID80880448"
"42","DTXSID70896699"
"43","DTXSID30896711"
"44","DTXSID90886557"
"45","DTXSID10662951"
"46","DTXSID50583510"
"47","DTXSID20896700"
"48","DTXSID90896712"
"49","DTXSID00631439"
"50","DTXSID40896661"
"51","DTXSID10895303"
"52","DTXSID00896682"
"53","DTXSID00896304"
"54","DTXSID90328947"
"55","DTXSID30700420"
"56","DTXSID70348022"
"57","DTXSID80290780"
"58","DTXSID30521319"
"59","DTXSID00520071"
"60","DTXSID80597246"
"61","DTXSID30757030"
"62","DTXSID30574567"
"63","DTXSID20205237"
"64","DTXSID70759331"
"65","DTXSID30832694"
"66","DTXSID40330474"
"67","DTXSID90574563"
"68","DTXSID40520070"
"69","DTXSID20895253"
"70","DTXSID20649455"
"71","DTXSID60880421"
"72","DTXSID80817375"
"73","DTXSID20817374"
"74","DTXSID20832340"
"75","DTXSID30895284"
"76","DTXSID90895386"
"77","DTXSID20694127"
"78","DTXSID30891463"
"79","DTXSID701022818"
"80","DTXSID10346749"
"81","DTXSID60896663"
"82","DTXSID60895171"
"83","DTXSID90896671"
"84","DTXSID00896667"
"85","DTXSID60896668"
"86","DTXSID80896761"
"87","DTXSID20379927"
"88","DTXSID40896308"
"89","DTXSID701022999"
"90","DTXSID20892303"
"91","DTXSID50880359"
"92","DTXSID80826220"
"93","DTXSID40275710"
"94","DTXSID501022836"
"95","DTXSID50895185"
"96","DTXSID801023138"
"97","DTXSID50848035"
"98","DTXSID30848033"
"99","DTXSID10895626"
"100","DTXSID30895663"
"101","DTXSID201023154"
"102","DTXSID30896670"
"103","DTXSID20896689"
"104","DTXSID90896676"
"105","DTXSID20896321"
"106","DTXSID20896740"
"107","DTXSID401023281"
"108","DTXSID10606416"
"109","DTXSID10794807"
"110","DTXSID40791804"
"111","DTXSID60710658"
"112","DTXSID00567042"
"113","DTXSID50895362"
"114","DTXSID00681090"
"115","DTXSID60762975"
"116","DTXSID30895603"
"117","DTXSID20895511"
"118","DTXSID10770580"
"119","DTXSID00583424"
"120","DTXSID90895240"
"121","DTXSID10896673"
"122","DTXSID40895553"
"123","DTXSID80567045"
"124","DTXSID10895287"
"125","DTXSID50896672"
"126","DTXSID80896701"
"127","DTXSID50418999"
"128","DTXSID20567044"
"129","DTXSID60330476"
"130","DTXSID70599057"
"131","DTXSID50834392"
"132","DTXSID00330475"
"133","DTXSID60707689"
"134","DTXSID50554563"
"135","DTXSID00706191"
"136","DTXSID10379279"
"137","DTXSID40896666"
"138","DTXSID80896741"
"139","DTXSID00896743"
"140","DTXSID20761863"
"141","DTXSID001022279"
"142","DTXSID90776429"
"143","DTXSID70848037"
"144","DTXSID30848038"
"145","DTXSID10848036"
"146","DTXSID40896742"
"147","DTXSID60896744"
"148","DTXSID10895363"
"149","DTXSID00896662"
"150","DTXSID20896664"
"151","DTXSID80896665"
"152","DTXSID20896684"
"153","DTXSID501021202"
"154","DTXSID20895314"
"155","DTXSID801021201"
"156","DTXSID401015593"
"157","DTXSID60542613"
"158","DTXSID30446270"
"159","DTXSID80895638"
"160","DTXSID60895373"
"161","DTXSID70895465"
"162","DTXSID80184039"
"163","DTXSID70177132"
"164","DTXSID20758056"
"165","DTXSID30896675"
"166","DTXSID101015594"
"167","DTXSID501033154"
"168","DTXSID80896680"
"169","DTXSID60543524"
"170","DTXSID90834073"
"171","DTXSID20768392"
"172","DTXSID90834295"
"173","DTXSID00768577"
"174","DTXSID00829253"
"175","DTXSID80794091"
"176","DTXSID801022578"
"177","DTXSID00897492"
"178","DTXSID50432695"
"179","DTXSID00471973"
"180","DTXSID00822860"
"181","DTXSID3066215"
"182","DTXSID50762469"
"183","DTXSID90844612"
"184","DTXSID70375111"
"185","DTXSID20626887"
"186","DTXSID50895206"
"187","DTXSID70400078"
"188","DTXSID50602255"
"189","DTXSID20454425"
"190","DTXSID90851386"
"191","DTXSID70608259"
"192","DTXSID10461582"
"193","DTXSID20726018"
"194","DTXSID10468874"
"195","DTXSID50374187"
"196","DTXSID70379715"
"197","DTXSID60379880"
"198","DTXSID60379901"
"199","DTXSID50200997"
"200","DTXSID80880968"
"201","DTXSID90880979"
"202","DTXSID30182964"
"203","DTXSID00379783"
"204","DTXSID40379782"
"205","DTXSID30893306"
"206","DTXSID60184471"
"207","DTXSID20382072"
"208","DTXSID5059870"
"209","DTXSID001021471"
"210","DTXSID90382069"
"211","DTXSID20625517"
"212","DTXSID90180087"
"213","DTXSID10895707"
"214","DTXSID8067076"
"215","DTXSID60197405"
"216","DTXSID10871521"
"217","DTXSID20561002"
"218","DTXSID10895747"
"219","DTXSID90446276"
"220","DTXSID80382073"
"221","DTXSID60897014"
"222","DTXSID30896958"
"223","DTXSID60896966"
"224","DTXSID50896975"
"225","DTXSID701021472"
"226","DTXSID40826089"
"227","DTXSID20512034"
"228","DTXSID10896613"
"229","DTXSID20806400"
"230","DTXSID80313488"
"231","DTXSID70896013"
"232","DTXSID70844615"
"233","DTXSID20705782"
"234","DTXSID60793926"
"235","DTXSID80896685"
"236","DTXSID40895573"
"237","DTXSID50572121"
"238","DTXSID40764391"
"239","DTXSID70559636"
"240","DTXSID30512404"
"241","DTXSID40392097"
"242","DTXSID00895736"
"243","DTXSID20503947"
"244","DTXSID60607534"
"245","DTXSID50528481"
"246","DTXSID90341479"
"247","DTXSID301015695"
"248","DTXSID40780475"
"249","DTXSID30435144"
"250","DTXSID10844614"
"251","DTXSID001015696"
"252","DTXSID40528359"
"253","DTXSID70897489"
"254","DTXSID80881238"
"255","DTXSID40896747"
"256","DTXSID20458928"
"257","DTXSID40375108"
"258","DTXSID90379878"
"259","DTXSID80896322"
"260","DTXSID7070509"
"261","DTXSID10897024"
"262","DTXSID70474830"
"263","DTXSID90896050"
"264","DTXSID80548637"
"265","DTXSID20697618"
"266","DTXSID10895580"
"267","DTXSID20821436"
"268","DTXSID50578244"
"269","DTXSID60782537"
"270","DTXSID50512406"
"271","DTXSID10553633"
"272","DTXSID901015805"
"273","DTXSID601015806"
"274","DTXSID80794298"
"275","DTXSID40501349"
"276","DTXSID001023184"
"277","DTXSID90236730"
"278","DTXSID101022646"
"279","DTXSID10379274"
"280","DTXSID70896311"
"281","DTXSID80698666"
"282","DTXSID70896336"
"283","DTXSID60896229"
"284","DTXSID10512407"
"285","DTXSID90855420"
"286","DTXSID90143031"
"287","DTXSID201006318"
"288","DTXSID801006316"
"289","DTXSID30893366"
"290","DTXSID501006317"
"291","DTXSID30549417"
"292","DTXSID80439839"
"293","DTXSID70850019"
"294","DTXSID001023277"
"295","DTXSID00178152"
"296","DTXSID80626202"
"297","DTXSID40221959"
"298","DTXSID20895970"
"299","DTXSID00895635"
"300","DTXSID50179755"
"301","DTXSID50893404"
"302","DTXSID60544970"
"303","DTXSID00292125"
"304","DTXSID60292106"
"305","DTXSID601023251"
"306","DTXSID70775359"
"307","DTXSID90607269"
"308","DTXSID20895556"
"309","DTXSID50895600"
"310","DTXSID40895634"
"311","DTXSID50880238"
"312","DTXSID10613403"
"313","DTXSID00507044"
"314","DTXSID40895952"
"315","DTXSID00575182"
"316","DTXSID10374047"
"317","DTXSID70896356"
"318","DTXSID00839211"
"319","DTXSID50954322"
"320","DTXSID90895220"
"321","DTXSID70528483"
"322","DTXSID70896316"
"323","DTXSID00573789"
"324","DTXSID60626987"
"325","DTXSID40527448"
"326","DTXSID10547012"
"327","DTXSID30554440"
"328","DTXSID80895597"
"329","DTXSID20462500"
"330","DTXSID40466747"
"331","DTXSID30546709"
"332","DTXSID40186211"
"333","DTXSID40379287"
"334","DTXSID50895367"
"335","DTXSID80895496"
"336","DTXSID60895934"
"337","DTXSID60895595"
"338","DTXSID40895710"
"339","DTXSID50856559"
"340","DTXSID10542204"
"341","DTXSID70556049"
"342","DTXSID70880235"
"343","DTXSID70880412"
"344","DTXSID30379857"
"345","DTXSID10895207"
"346","DTXSID70895389"
"347","DTXSID20440585"
"348","DTXSID60709981"
"349","DTXSID20790991"
"350","DTXSID40603731"
"351","DTXSID70619002"
"352","DTXSID10705670"
"353","DTXSID601023237"
"354","DTXSID70896174"
"355","DTXSID50510280"
"356","DTXSID70757539"
"357","DTXSID00765263"
"358","DTXSID00526477"
"359","DTXSID50755513"
"360","DTXSID90370986"
"361","DTXSID80370975"
"362","DTXSID40370976"
"363","DTXSID10896330"
"364","DTXSID60557803"
"365","DTXSID20563889"
"366","DTXSID50313490"
"367","DTXSID60381140"
"368","DTXSID90375113"
"369","DTXSID60375105"
"370","DTXSID90896474"
"371","DTXSID50896475"
"372","DTXSID80573540"
"373","DTXSID00896748"
"374","DTXSID90370981"
"375","DTXSID50296259"
"376","DTXSID60895479"
"377","DTXSID30178842"
"378","DTXSID60178870"
"379","DTXSID40896085"
"380","DTXSID00300618"
"381","DTXSID60300619"
"382","DTXSID60536931"
"383","DTXSID70577653"
"384","DTXSID30194941"
"385","DTXSID50418611"
"386","DTXSID90660314"
"387","DTXSID70371310"
"388","DTXSID50378443"
"389","DTXSID70371315"
"390","DTXSID2074083"
"391","DTXSID00213537"
"392","DTXSID60371304"
"393","DTXSID10530520"
"394","DTXSID60895333"
"395","DTXSID50579670"
"396","DTXSID80828007"
"397","DTXSID10959232"
"398","DTXSID70614936"
"399","DTXSID20525008"
"400","DTXSID30568284"
"401","DTXSID30559415"
"402","DTXSID90382600"
"403","DTXSID70549239"
"404","DTXSID50614939"
"405","DTXSID30614937"
"406","DTXSID10674195"
"407","DTXSID80754559"
"408","DTXSID60614940"
"409","DTXSID00371227"
"410","DTXSID90221580"
"411","DTXSID60338639"
"412","DTXSID90371332"
"413","DTXSID90896318"
"414","DTXSID70613686"
"415","DTXSID00711088"
"416","DTXSID00895670"
"417","DTXSID10613685"
"418","DTXSID40672886"
"419","DTXSID60547320"
"420","DTXSID40371302"
"421","DTXSID10527450"
"422","DTXSID10896335"
"423","DTXSID50896314"
"424","DTXSID40617252"
"425","DTXSID20720238"
"426","DTXSID20590236"
"427","DTXSID60895358"
"428","DTXSID10600075"
"429","DTXSID2073562"
"430","DTXSID20709780"
"431","DTXSID70438417"
"432","DTXSID40699730"
"433","DTXSID30895688"
"434","DTXSID00530519"
"435","DTXSID00371287"
"436","DTXSID40451956"
"437","DTXSID5046560"
"438","DTXSID3059971"
"439","DTXSID9059919"
"440","DTXSID30377691"
"441","DTXSID30375112"
"442","DTXSID30338641"
"443","DTXSID10379931"
"444","DTXSID00371303"
"445","DTXSID701023161"
"446","DTXSID80478889"
"447","DTXSID30439021"
"448","DTXSID70466634"
"449","DTXSID70448576"
"450","DTXSID70342540"
"451","DTXSID20605076"
"452","DTXSID40605078"
"453","DTXSID80310331"
"454","DTXSID0073904"
"455","DTXSID20987046"
"456","DTXSID70896614"
"457","DTXSID0073906"
"458","DTXSID50549656"
"459","DTXSID10549657"
"460","DTXSID4075245"
"461","DTXSID60702452"
"462","DTXSID50382106"
"463","DTXSID9075246"
"464","DTXSID70786768"
"465","DTXSID90797513"
"466","DTXSID30579517"
"467","DTXSID00962533"
"468","DTXSID40984597"
"469","DTXSID10537670"
"470","DTXSID60518671"
"471","DTXSID80866580"
"472","DTXSID50792928"
"473","DTXSID30507375"
"474","DTXSID20614941"
"475","DTXSID101023644"
"476","DTXSID10614935"
"477","DTXSID90614938"
"478","DTXSID90194942"
"479","DTXSID50371510"
"480","DTXSID60570714"
"481","DTXSID60501321"
"482","DTXSID70510909"
"483","DTXSID80587768"
"484","DTXSID70506120"
"485","DTXSID80401197"
"486","DTXSID10348102"
"487","DTXSID30506121"
"488","DTXSID00896147"
"489","DTXSID40366278"
"490","DTXSID60577208"
"491","DTXSID70450634"
"492","DTXSID50371479"
"493","DTXSID20371481"
"494","DTXSID10184724"
"495","DTXSID90880171"
"496","DTXSID70371491"
"497","DTXSID50871525"
"498","DTXSID50881088"
"499","DTXSID90881087"
"500","DTXSID50631767"
"501","DTXSID80752176"
"502","DTXSID20896528"
"503","DTXSID30767199"
"504","DTXSID40896525"
"505","DTXSID00763441"
"506","DTXSID40895558"
"507","DTXSID10696418"
"508","DTXSID00634006"
"509","DTXSID10932267"
"510","DTXSID50883365"
"511","DTXSID00953269"
"512","DTXSID50945174"
"513","DTXSID60527445"
"514","DTXSID20527446"
"515","DTXSID60895616"
"516","DTXSID70613904"
"517","DTXSID10896310"
"518","DTXSID40896141"
"519","DTXSID60190951"
"520","DTXSID10336882"
"521","DTXSID901022195"
"522","DTXSID30448517"
"523","DTXSID80871634"
"524","DTXSID30379418"
"525","DTXSID30896473"
"526","DTXSID30395178"
"527","DTXSID80382053"
"528","DTXSID40382054"
"529","DTXSID9061881"
"530","DTXSID90880156"
"531","DTXSID2067535"
"532","DTXSID90379434"
"533","DTXSID50895660"
"534","DTXSID20476364"
"535","DTXSID70179772"
"536","DTXSID70379977"
"537","DTXSID5059828"
"538","DTXSID5060936"
"539","DTXSID60599940"
"540","DTXSID90895700"
"541","DTXSID60895656"
"542","DTXSID50895620"
"543","DTXSID40512036"
"544","DTXSID00896107"
"545","DTXSID30708825"
"546","DTXSID10471560"
"547","DTXSID60709764"
"548","DTXSID70553290"
"549","DTXSID90568801"
"550","DTXSID10617582"
"551","DTXSID10556048"
"552","DTXSID30895623"
"553","DTXSID70750727"
"554","DTXSID80896988"
"555","DTXSID30215029"
"556","DTXSID10821369"
"557","DTXSID90895922"
"558","DTXSID10631329"
"559","DTXSID40568997"
"560","DTXSID10895969"
"561","DTXSID60787002"
"562","DTXSID90895725"
"563","DTXSID30405382"
"564","DTXSID30556000"
"565","DTXSID10896052"
"566","DTXSID30772304"
"567","DTXSID90340821"
"568","DTXSID70880134"
"569","DTXSID90455560"
"570","DTXSID40405737"
"571","DTXSID40276525"
"572","DTXSID50387373"
"573","DTXSID30880135"
"574","DTXSID001022150"
"575","DTXSID201023780"
"576","DTXSID70379270"
"577","DTXSID70184381"
"578","DTXSID90163037"
"579","DTXSID80454860"
"580","DTXSID60897519"
"581","DTXSID70173775"
"582","DTXSID20195280"
"583","DTXSID30457720"
"584","DTXSID20378298"
"585","DTXSID00524433"
"586","DTXSID30182848"
"587","DTXSID60896729"
"588","DTXSID90774384"
"589","DTXSID70477563"
"590","DTXSID90813489"
"591","DTXSID30865366"
"592","DTXSID40617035"
"593","DTXSID00635210"
"594","DTXSID60371602"
"595","DTXSID10605080"
"596","DTXSID80853137"
"597","DTXSID701023030"
"598","DTXSID20310330"
"599","DTXSID80378850"
"600","DTXSID50878690"
"601","DTXSID00564112"
"602","DTXSID1042029"
"603","DTXSID20181729"
"604","DTXSID00596453"
"605","DTXSID50579519"
"606","DTXSID20575402"
"607","DTXSID20579920"
"608","DTXSID10579656"
"609","DTXSID20241211"
"610","DTXSID9027150"
"611","DTXSID80204488"
"612","DTXSID10185115"
"613","DTXSID20863351"
"614","DTXSID20560459"
"615","DTXSID30560460"
"616","DTXSID40544670"
"617","DTXSID70749252"
"618","DTXSID90579518"
"619","DTXSID30631381"
"620","DTXSID20895758"
"621","DTXSID10701339"
"622","DTXSID90896494"
"623","DTXSID60775146"
"624","DTXSID70617588"
"625","DTXSID10380249"
"626","DTXSID80380251"
"627","DTXSID30375233"
"628","DTXSID60696685"
"629","DTXSID10896299"
"630","DTXSID00508475"
"631","DTXSID70896295"
"632","DTXSID80820420"
"633","DTXSID60552712"
"634","DTXSID101023149"
"635","DTXSID70631426"
"636","DTXSID60446485"
"637","DTXSID60631753"
"638","DTXSID00554598"
"639","DTXSID80285757"
"640","DTXSID50757219"
"641","DTXSID10475886"
"642","DTXSID60752174"
"643","DTXSID60780896"
"644","DTXSID50648375"
"645","DTXSID50285764"
"646","DTXSID20285756"
"647","DTXSID40240524"
"648","DTXSID00752173"
"649","DTXSID00752178"
"650","DTXSID40549504"
"651","DTXSID30958843"
"652","DTXSID10724881"
"653","DTXSID20752175"
"654","DTXSID40706872"
"655","DTXSID50551092"
"656","DTXSID00449435"
"657","DTXSID10379294"
"658","DTXSID40775760"
"659","DTXSID50896511"
"660","DTXSID20895435"
"661","DTXSID00895413"
"662","DTXSID00190839"
"663","DTXSID60550319"
"664","DTXSID40895174"
"665","DTXSID90404578"
"666","DTXSID00762974"
"667","DTXSID20895172"
"668","DTXSID20296261"
"669","DTXSID10895646"
"670","DTXSID70280271"
"671","DTXSID50276475"
"672","DTXSID00895317"
"673","DTXSID70379250"
"674","DTXSID50662975"
"675","DTXSID50285683"
"676","DTXSID10895166"
"677","DTXSID10285765"
"678","DTXSID10895222"
"679","DTXSID60599647"
"680","DTXSID80895153"
"681","DTXSID80895158"
"682","DTXSID90895189"
"683","DTXSID20895157"
"684","DTXSID20895177"
"685","DTXSID50474570"
"686","DTXSID90895164"
"687","DTXSID80895219"
"688","DTXSID60895237"
"689","DTXSID60612461"
"690","DTXSID80767604"
"691","DTXSID60330471"
"692","DTXSID20330472"
"693","DTXSID20568672"
"694","DTXSID60792479"
"695","DTXSID40627472"
"696","DTXSID30802039"
"697","DTXSID50895281"
"698","DTXSID40895235"
"699","DTXSID80458500"
"700","DTXSID90895366"
"701","DTXSID60895434"
"702","DTXSID70895228"
"703","DTXSID20535647"
"704","DTXSID50601809"
"705","DTXSID101022715"
"706","DTXSID60895196"
"707","DTXSID40895316"
"708","DTXSID80784073"
"709","DTXSID70895182"
"710","DTXSID00895170"
"711","DTXSID20895319"
"712","DTXSID40895179"
"713","DTXSID10895161"
"714","DTXSID20459495"
"715","DTXSID70895167"
"716","DTXSID50895165"
"717","DTXSID20895192"
"718","DTXSID30895188"
"719","DTXSID60895176"
"720","DTXSID30895264"
"721","DTXSID10895282"
"722","DTXSID90711052"
"723","DTXSID40767605"
"724","DTXSID40895412"
"725","DTXSID70895546"
"726","DTXSID501022717"
"727","DTXSID901019188"
"728","DTXSID40895194"
"729","DTXSID80895173"
"730","DTXSID201032876"
"731","DTXSID70895187"
"732","DTXSID40895199"
"733","DTXSID50895327"
"734","DTXSID60895378"
"735","DTXSID60706091"
"736","DTXSID70706284"
"737","DTXSID30784341"
"738","DTXSID901023167"
"739","DTXSID00623819"
"740","DTXSID10895469"
"741","DTXSID90895669"
"742","DTXSID10895429"
"743","DTXSID60659230"
"744","DTXSID70544062"
"745","DTXSID80895572"
"746","DTXSID80382179"
"747","DTXSID40895639"
"748","DTXSID70871522"
"749","DTXSID50659229"
"750","DTXSID30379852"
"751","DTXSID60535646"
"752","DTXSID70611905"
"753","DTXSID50895221"
"754","DTXSID90895205"
"755","DTXSID80895395"
"756","DTXSID60526458"
"757","DTXSID70895485"
"758","DTXSID20895258"
"759","DTXSID50895241"
"760","DTXSID80895234"
"761","DTXSID40372192"
"762","DTXSID80895279"
"763","DTXSID30895249"
"764","DTXSID60583420"
"765","DTXSID00573007"
"766","DTXSID30432436"
"767","DTXSID40895230"
"768","DTXSID70895263"
"769","DTXSID60895257"
"770","DTXSID80895254"
"771","DTXSID50895246"
"772","DTXSID30895229"
"773","DTXSID50622170"
"774","DTXSID10895323"
"775","DTXSID30895345"
"776","DTXSID9070323"
"777","DTXSID30895325"
"778","DTXSID50895302"
"779","DTXSID40895290"
"780","DTXSID60895252"
"781","DTXSID00895296"
"782","DTXSID70895288"
"783","DTXSID80895310"
"784","DTXSID20895273"
"785","DTXSID00895276"
"786","DTXSID90895260"
"787","DTXSID80895299"
"788","DTXSID70599471"
"789","DTXSID10895267"
"790","DTXSID80895330"
"791","DTXSID20895354"
"792","DTXSID30895289"
"793","DTXSID10616671"
"794","DTXSID50895342"
"795","DTXSID50616670"
"796","DTXSID20854880"
"797","DTXSID70593893"
"798","DTXSID60785169"
"799","DTXSID00631272"
"800","DTXSID80895259"
"801","DTXSID00895332"
"802","DTXSID20730539"
"803","DTXSID60536673"
"804","DTXSID50773272"
"805","DTXSID90895265"
"806","DTXSID30880115"
"807","DTXSID60595543"
"808","DTXSID00895195"
"809","DTXSID60895212"
"810","DTXSID20629515"
"811","DTXSID20895197"
"812","DTXSID90895184"
"813","DTXSID40895215"
"814","DTXSID10895202"
"815","DTXSID70895460"
"816","DTXSID70895561"
"817","DTXSID80895673"
"818","DTXSID30881304"
"819","DTXSID10706485"
"820","DTXSID50895307"
"821","DTXSID70371572"
"822","DTXSID70895203"
"823","DTXSID60895419"
"824","DTXSID90895462"
"825","DTXSID30895340"
"826","DTXSID00836407"
"827","DTXSID30710605"
"828","DTXSID50761735"
"829","DTXSID50895261"
"830","DTXSID60629514"
"831","DTXSID90783370"
"832","DTXSID90896353"
"833","DTXSID50783371"
"834","DTXSID80501505"
"835","DTXSID60672904"
"836","DTXSID20501504"
"837","DTXSID00895231"
"838","DTXSID90895285"
"839","DTXSID20895415"
"840","DTXSID20895339"
"841","DTXSID60345848"
"842","DTXSID20339369"
"843","DTXSID901023236"
"844","DTXSID00696427"
"845","DTXSID80146031"
"846","DTXSID60379441"
"847","DTXSID60896562"
"848","DTXSID70896619"
"849","DTXSID40896565"
"850","DTXSID20798018"
"851","DTXSID70379912"
"852","DTXSID30896716"
"853","DTXSID00896324"
"854","DTXSID20379806"
"855","DTXSID80854881"
"856","DTXSID30896317"
"857","DTXSID80631391"
"858","DTXSID00758852"
"859","DTXSID00880147"
"860","DTXSID70896331"
"861","DTXSID10561137"
"862","DTXSID50896374"
"863","DTXSID40338657"
"864","DTXSID00896364"
"865","DTXSID60730538"
"866","DTXSID80748832"
"867","DTXSID80578257"
"868","DTXSID40533882"
"869","DTXSID90896530"
"870","DTXSID70730605"
"871","DTXSID70840197"
"872","DTXSID40895735"
"873","DTXSID90895644"
"874","DTXSID30895926"
"875","DTXSID70210871"
"876","DTXSID40896606"
"877","DTXSID40402943"
"878","DTXSID10533617"
"879","DTXSID90565678"
"880","DTXSID40799229"
"881","DTXSID90896479"
"882","DTXSID90501334"
"883","DTXSID10724841"
"884","DTXSID40379742"
"885","DTXSID90896313"
"886","DTXSID50896531"
"887","DTXSID90785915"
"888","DTXSID50768582"
"889","DTXSID10791336"
"890","DTXSID50788700"
"891","DTXSID90379297"
"892","DTXSID40338591"
"893","DTXSID10895242"
"894","DTXSID30895300"
"895","DTXSID60895338"
"896","DTXSID60531143"
"897","DTXSID20502834"
"898","DTXSID40382155"
"899","DTXSID30379791"
"900","DTXSID10536340"
"901","DTXSID40380272"
"902","DTXSID00380273"
"903","DTXSID20375287"
"904","DTXSID6021377"
"905","DTXSID50569399"
"906","DTXSID50989856"
"907","DTXSID40904755"
"908","DTXSID80380372"
"909","DTXSID10173996"
"910","DTXSID90187298"
"911","DTXSID40542616"
"912","DTXSID50521316"
"913","DTXSID10382142"
"914","DTXSID601023037"
"915","DTXSID90508348"
"916","DTXSID20617533"
"917","DTXSID50870513"
"918","DTXSID1073232"
"919","DTXSID80576137"
"920","DTXSID40515507"
"921","DTXSID50515851"
"922","DTXSID30448557"
"923","DTXSID80515849"
"924","DTXSID60477597"
"925","DTXSID00521321"
"926","DTXSID40446988"
"927","DTXSID90522408"
"928","DTXSID70452855"
"929","DTXSID00580271"
"930","DTXSID80904754"
"931","DTXSID20554611"
"932","DTXSID60527006"
"933","DTXSID60382152"
"934","DTXSID10446177"
"935","DTXSID201020605"
"936","DTXSID50721410"
"937","DTXSID60560670"
"938","DTXSID501023577"
"939","DTXSID20527007"
"940","DTXSID60904575"
"941","DTXSID40892264"
"942","DTXSID901018223"
"943","DTXSID80564034"
"944","DTXSID50508304"
"945","DTXSID70562004"
"946","DTXSID90503838"
"947","DTXSID50508824"
"948","DTXSID40339447"
"949","DTXSID20476021"
"950","DTXSID90880116"
"951","DTXSID40780879"
"952","DTXSID00822784"
"953","DTXSID60840843"
"954","DTXSID10840838"
"955","DTXSID80840840"
"956","DTXSID20304976"
"957","DTXSID20190836"
"958","DTXSID30509091"
"959","DTXSID2062296"
"960","DTXSID9066209"
"961","DTXSID00880389"
"962","DTXSID5067841"
"963","DTXSID40534793"
"964","DTXSID70752206"
"965","DTXSID20433679"
"966","DTXSID10590947"
"967","DTXSID80603194"
"968","DTXSID50706444"
"969","DTXSID50594080"
"970","DTXSID90233047"
"971","DTXSID00711149"
"972","DTXSID60896481"
"973","DTXSID90796728"
"974","DTXSID00545628"
"975","DTXSID70546682"
"976","DTXSID10160684"
"977","DTXSID30768525"
"978","DTXSID10539699"
"979","DTXSID10508825"
"980","DTXSID40616609"
"981","DTXSID00620126"
"982","DTXSID10451221"
"983","DTXSID30456354"
"984","DTXSID60544571"
"985","DTXSID70871466"
"986","DTXSID00625237"
"987","DTXSID00544671"
"988","DTXSID90605583"
"989","DTXSID80896483"
"990","DTXSID60379724"
"991","DTXSID50617622"
"992","DTXSID20880563"
"993","DTXSID50379874"
"994","DTXSID30379731"
"995","DTXSID001022455"
"996","DTXSID40239857"
"997","DTXSID40880949"
"998","DTXSID80881117"
"999","DTXSID40960275"
"1000","DTXSID00338350"
"1001","DTXSID00806160"
"1002","DTXSID2061147"
"1003","DTXSID20881353"
"1004","DTXSID90780228"
"1005","DTXSID20786152"
"1006","DTXSID801023221"
"1007","DTXSID60896128"
"1008","DTXSID30625740"
"1009","DTXSID80507663"
"1010","DTXSID20880967"
"1011","DTXSID50775877"
"1012","DTXSID70663106"
"1013","DTXSID60790753"
"1014","DTXSID00379864"
"1015","DTXSID50501875"
"1016","DTXSID00563029"
"1017","DTXSID301023038"
"1018","DTXSID40798156"
"1019","DTXSID00896480"
"1020","DTXSID00880980"
"1021","DTXSID00552276"
"1022","DTXSID90379838"
"1023","DTXSID801019228"
"1024","DTXSID50780683"
"1025","DTXSID10896178"
"1026","DTXSID60896007"
"1027","DTXSID10204138"
"1028","DTXSID40507664"
"1029","DTXSID90592601"
"1030","DTXSID00825593"
"1031","DTXSID40610223"
"1032","DTXSID10794887"
"1033","DTXSID8071358"
"1034","DTXSID80870501"
"1035","DTXSID90549655"
"1036","DTXSID90880954"
"1037","DTXSID70764561"
"1038","DTXSID501019229"
"1039","DTXSID10236732"
"1040","DTXSID20892727"
"1041","DTXSID20781066"
"1042","DTXSID70186668"
"1043","DTXSID20709487"
"1044","DTXSID70241125"
"1045","DTXSID301019223"
"1046","DTXSID70769975"
"1047","DTXSID30787933"
"1048","DTXSID701019144"
"1049","DTXSID601020302"
"1050","DTXSID401019145"
"1051","DTXSID50796805"
"1052","DTXSID40851114"
"1053","DTXSID10539058"
"1054","DTXSID90337453"
"1055","DTXSID201002904"
"1056","DTXSID80575766"
"1057","DTXSID901020301"
"1058","DTXSID101019146"
"1059","DTXSID601023099"
"1060","DTXSID201019149"
"1061","DTXSID80757262"
"1062","DTXSID30567419"
"1063","DTXSID90998543"
"1064","DTXSID90277906"
"1065","DTXSID201020300"
"1066","DTXSID801019147"
"1067","DTXSID60944799"
"1068","DTXSID70507374"
"1069","DTXSID20518354"
"1070","DTXSID50672892"
"1071","DTXSID30694976"
"1072","DTXSID50547495"
"1073","DTXSID20881116"
"1074","DTXSID50503839"
"1075","DTXSID20527426"
"1076","DTXSID40561004"
"1077","DTXSID10621124"
"1078","DTXSID40338672"
"1079","DTXSID501019148"
"1080","DTXSID40895457"
"1081","DTXSID60895510"
"1082","DTXSID60895515"
"1083","DTXSID90510385"
"1084","DTXSID90557351"
"1085","DTXSID30896312"
"1086","DTXSID80830983"
"1087","DTXSID20896760"
"1088","DTXSID60785482"
"1089","DTXSID20758915"
"1090","DTXSID80564115"
"1091","DTXSID70547497"
"1092","DTXSID10873888"
"1093","DTXSID4067987"
"1094","DTXSID701007054"
"1095","DTXSID90544625"
"1096","DTXSID80622108"
"1097","DTXSID90546684"
"1098","DTXSID80962415"
"1099","DTXSID90607284"
"1100","DTXSID00508894"
"1101","DTXSID10334368"
"1102","DTXSID60334414"
"1103","DTXSID60547704"
"1104","DTXSID10462014"
"1105","DTXSID40505882"
"1106","DTXSID90631382"
"1107","DTXSID10631920"
"1108","DTXSID50525016"
"1109","DTXSID10525017"
"1110","DTXSID101022258"
"1111","DTXSID90908243"
"1112","DTXSID00378852"
"1113","DTXSID70475180"
"1114","DTXSID50449869"
"1115","DTXSID60545588"
"1116","DTXSID10895409"
"1117","DTXSID60895530"
"1118","DTXSID40381188"
"1119","DTXSID60861891"
"1120","DTXSID30371598"
"1121","DTXSID90663082"
"1122","DTXSID40380853"
"1123","DTXSID00381048"
"1124","DTXSID20380811"
"1125","DTXSID60955229"
"1126","DTXSID80681078"
"1127","DTXSID50380809"
"1128","DTXSID90371594"
"1129","DTXSID60880143"
"1130","DTXSID10381190"
"1131","DTXSID0041226"
"1132","DTXSID70509772"
"1133","DTXSID80946331"
"1134","DTXSID70870510"
"1135","DTXSID80298463"
"1136","DTXSID70405740"
"1137","DTXSID8026434"
"1138","DTXSID20600263"
"1139","DTXSID6042026"
"1140","DTXSID501023591"
"1141","DTXSID50503132"
"1142","DTXSID00824622"
"1143","DTXSID60778894"
"1144","DTXSID30631321"
"1145","DTXSID90631322"
"1146","DTXSID60881332"
"1147","DTXSID10448611"
"1148","DTXSID10893384"
"1149","DTXSID90893408"
"1150","DTXSID70893385"
"1151","DTXSID30378825"
"1152","DTXSID0061038"
"1153","DTXSID80862360"
"1154","DTXSID10870514"
"1155","DTXSID30187297"
"1156","DTXSID30191137"
"1157","DTXSID70477407"
"1158","DTXSID5073165"
"1159","DTXSID70462919"
"1160","DTXSID40856563"
"1161","DTXSID60897019"
"1162","DTXSID40617575"
"1163","DTXSID50519218"
"1164","DTXSID10770767"
"1165","DTXSID80846721"
"1166","DTXSID20577406"
"1167","DTXSID50557352"
"1168","DTXSID00598553"
"1169","DTXSID70554560"
"1170","DTXSID60549369"
"1171","DTXSID50880612"
"1172","DTXSID90511175"
"1173","DTXSID40953006"
"1174","DTXSID40504259"
"1175","DTXSID70380760"
"1176","DTXSID00805092"
"1177","DTXSID30511174"
"1178","DTXSID20846068"
"1179","DTXSID80889315"
"1180","DTXSID60867515"
"1181","DTXSID90880590"
"1182","DTXSID30619341"
"1183","DTXSID00758933"
"1184","DTXSID50925911"
"1185","DTXSID40459518"
"1186","DTXSID8058794"
"1187","DTXSID20290385"
"1188","DTXSID10909434"
"1189","DTXSID70397616"
"1190","DTXSID70705873"
"1191","DTXSID20895218"
"1192","DTXSID30761218"
"1193","DTXSID00895291"
"1194","DTXSID10794509"
"1195","DTXSID20825530"
"1196","DTXSID10515736"
"1197","DTXSID70515737"
"1198","DTXSID70958600"
"1199","DTXSID40339866"
"1200","DTXSID70379351"
"1201","DTXSID80896362"
"1202","DTXSID00338673"
"1203","DTXSID50547071"
"1204","DTXSID30568103"
"1205","DTXSID70547654"
"1206","DTXSID60896305"
"1207","DTXSID10834151"
"1208","DTXSID80896342"
"1209","DTXSID00430904"
"1210","DTXSID60850649"
"1211","DTXSID50895640"
"1212","DTXSID20895753"
"1213","DTXSID40896489"
"1214","DTXSID20343926"
"1215","DTXSID60343925"
"1216","DTXSID60343824"
"1217","DTXSID00339867"
"1218","DTXSID40631458"
"1219","DTXSID50850133"
"1220","DTXSID10380805"
"1221","DTXSID60382177"
"1222","DTXSID50545976"
"1223","DTXSID20896407"
"1224","DTXSID00896369"
"1225","DTXSID40896383"
"1226","DTXSID30895628"
"1227","DTXSID10524505"
"1228","DTXSID10794342"
"1229","DTXSID30346443"
"1230","DTXSID10895641"
"1231","DTXSID50451048"
"1232","DTXSID30378800"
"1233","DTXSID101023218"
"1234","DTXSID201019244"
"1235","DTXSID6042028"
"1236","DTXSID90216375"
"1237","DTXSID70567271"
"1238","DTXSID9059880"
"1239","DTXSID60448247"
"1240","DTXSID50769837"
"1241","DTXSID9075032"
"1242","DTXSID70625542"
"1243","DTXSID90813227"
"1244","DTXSID60511263"
"1245","DTXSID50617566"
"1246","DTXSID80578752"
"1247","DTXSID30379296"
"1248","DTXSID3074654"
"1249","DTXSID50547011"
"1250","DTXSID70540145"
"1251","DTXSID40773241"
"1252","DTXSID00668381"
"1253","DTXSID70566648"
"1254","DTXSID20380270"
"1255","DTXSID60769489"
"1256","DTXSID60199121"
"1257","DTXSID30372247"
"1258","DTXSID9066388"
"1259","DTXSID40832160"
"1260","DTXSID10958841"
"1261","DTXSID10382122"
"1262","DTXSID70382123"
"1263","DTXSID30958601"
"1264","DTXSID00371601"
"1265","DTXSID60188994"
"1266","DTXSID50556628"
"1267","DTXSID20895915"
"1268","DTXSID80880145"
"1269","DTXSID70346442"
"1270","DTXSID70790481"
"1271","DTXSID9073256"
"1272","DTXSID30374140"
"1273","DTXSID30794682"
"1274","DTXSID30628059"
"1275","DTXSID40787060"
"1276","DTXSID90790665"
"1277","DTXSID50382121"
"1278","DTXSID901005547"
"1279","DTXSID20335129"
"1280","DTXSID90371650"
"1281","DTXSID90190949"
"1282","DTXSID20170895"
"1283","DTXSID3070092"
"1284","DTXSID80801476"
"1285","DTXSID20767683"
"1286","DTXSID80371604"
"1287","DTXSID60378853"
"1288","DTXSID50335975"
"1289","DTXSID90371872"
"1290","DTXSID80501348"
"1291","DTXSID90185113"
"1292","DTXSID90895947"
"1293","DTXSID70627107"
"1294","DTXSID20895213"
"1295","DTXSID30382003"
"1296","DTXSID90554562"
"1297","DTXSID70892616"
"1298","DTXSID30892617"
"1299","DTXSID80892920"
"1300","DTXSID10630918"
"1301","DTXSID90895705"
"1302","DTXSID00380056"
"1303","DTXSID9037743"
"1304","DTXSID1062124"
"1305","DTXSID6062204"
"1306","DTXSID60464260"
"1307","DTXSID70892919"
"1308","DTXSID10892918"
"1309","DTXSID80510950"
"1310","DTXSID90892931"
"1311","DTXSID5061954"
"1312","DTXSID40895351"
"1313","DTXSID80375107"
"1314","DTXSID70895728"
"1315","DTXSID10895262"
"1316","DTXSID80895274"
"1317","DTXSID301015807"
"1318","DTXSID50892619"
"1319","DTXSID90892618"
"1320","DTXSID20892924"
"1321","DTXSID60892923"
"1322","DTXSID00892942"
"1323","DTXSID40892941"
"1324","DTXSID80892940"
"1325","DTXSID70892939"
"1326","DTXSID50477844"
"1327","DTXSID80341822"
"1328","DTXSID00469991"
"1329","DTXSID9059969"
"1330","DTXSID20188995"
"1331","DTXSID70335836"
"1332","DTXSID70379997"
"1333","DTXSID20379785"
"1334","DTXSID10379254"
"1335","DTXSID70379255"
"1336","DTXSID10190840"
"1337","DTXSID40381087"
"1338","DTXSID50382065"
"1339","DTXSID20880129"
"1340","DTXSID90380025"
"1341","DTXSID50381038"
"1342","DTXSID40380797"
"1343","DTXSID20381045"
"1344","DTXSID00375104"
"1345","DTXSID30380044"
"1346","DTXSID8059978"
"1347","DTXSID70382047"
"1348","DTXSID10379835"
"1349","DTXSID60382071"
"1350","DTXSID50620171"
"1351","DTXSID50379930"
"1352","DTXSID5059799"
"1353","DTXSID50184723"
"1354","DTXSID60377826"
"1355","DTXSID9059884"
"1356","DTXSID3068465"
"1357","DTXSID00195026"
"1358","DTXSID20382052"
"1359","DTXSID0059798"
"1360","DTXSID50336144"
"1361","DTXSID80597206"
"1362","DTXSID50380985"
"1363","DTXSID7074616"
"1364","DTXSID50880218"
"1365","DTXSID80895739"
"1366","DTXSID80382593"
"1367","DTXSID2074376"
"1368","DTXSID40144396"
"1369","DTXSID7072884"
"1370","DTXSID101009907"
"1371","DTXSID50371297"
"1372","DTXSID1047578"
"1373","DTXSID8061979"
"1374","DTXSID00897553"
"1375","DTXSID20895677"
"1376","DTXSID2047565"
"1377","DTXSID00145182"
"1378","DTXSID30382149"
"1379","DTXSID00893419"
"1380","DTXSID0059879"
"1381","DTXSID20382158"
"1382","DTXSID60382137"
"1383","DTXSID5075236"
"1384","DTXSID90880131"
"1385","DTXSID5060986"
"1386","DTXSID60188999"
"1387","DTXSID80379721"
"1388","DTXSID9059832"
"1389","DTXSID00379960"
"1390","DTXSID30396867"
"1391","DTXSID3059923"
"1392","DTXSID00194615"
"1393","DTXSID10171538"
"1394","DTXSID80474568"
"1395","DTXSID5075230"
"1396","DTXSID90896838"
"1397","DTXSID60379941"
"1398","DTXSID70432394"
"1399","DTXSID3069306"
"1400","DTXSID00896329"
"1401","DTXSID70851006"
"1402","DTXSID20896326"
"1403","DTXSID50896319"
"1404","DTXSID40896363"
"1405","DTXSID20381666"
"1406","DTXSID60852340"
"1407","DTXSID60821435"
"1408","DTXSID20768650"
"1409","DTXSID40881012"
"1410","DTXSID20896487"
"1411","DTXSID10663105"
"1412","DTXSID901023674"
"1413","DTXSID70625365"
"1414","DTXSID00896561"
"1415","DTXSID40461050"
"1416","DTXSID90439082"
"1417","DTXSID50574564"
"1418","DTXSID40500731"
"1419","DTXSID20520073"
"1420","DTXSID70348047"
"1421","DTXSID80520074"
"1422","DTXSID30574704"
"1423","DTXSID40566155"
"1424","DTXSID40285778"
"1425","DTXSID30567035"
"1426","DTXSID70895965"
"1427","DTXSID10895247"
"1428","DTXSID90895528"
"1429","DTXSID40895992"
"1430","DTXSID60379709"
"1431","DTXSID90567036"
"1432","DTXSID50379839"
"1433","DTXSID40456002"
"1434","DTXSID00895650"
"1435","DTXSID80634685"
"1436","DTXSID70287306"
"1437","DTXSID70823021"
"1438","DTXSID90773039"
"1439","DTXSID40566978"
"1440","DTXSID30591613"
"1441","DTXSID00448983"
"1442","DTXSID70292859"
"1443","DTXSID10778889"
"1444","DTXSID40884129"
"1445","DTXSID80880165"
"1446","DTXSID70660317"
"1447","DTXSID10574702"
"1448","DTXSID00884887"
"1449","DTXSID0070869"
"1450","DTXSID6062048"
"1451","DTXSID70440934"
"1452","DTXSID40895972"
"1453","DTXSID80832341"
"1454","DTXSID60896062"
"1455","DTXSID30895486"
"1456","DTXSID20895975"
"1457","DTXSID70895925"
"1458","DTXSID90895508"
"1459","DTXSID20895596"
"1460","DTXSID10292454"
"1461","DTXSID90292457"
"1462","DTXSID40571880"
"1463","DTXSID50540603"
"1464","DTXSID60895292"
"1465","DTXSID80895976"
"1466","DTXSID90895548"
"1467","DTXSID30895704"
"1468","DTXSID1071080"
"1469","DTXSID3070888"
"1470","DTXSID9070377"
"1471","DTXSID6070512"
"1472","DTXSID2070508"
"1473","DTXSID1070511"
"1474","DTXSID0067848"
"1475","DTXSID6070510"
"1476","DTXSID7070507"
"1477","DTXSID00895998"
"1478","DTXSID00895993"
"1479","DTXSID80895693"
"1480","DTXSID60896123"
"1481","DTXSID80895633"
"1482","DTXSID40895917"
"1483","DTXSID50895680"
"1484","DTXSID30853329"
"1485","DTXSID20757140"
"1486","DTXSID90631443"
"1487","DTXSID10953275"
"1488","DTXSID40762776"
"1489","DTXSID80627456"
"1490","DTXSID701023173"
"1491","DTXSID20447695"
"1492","DTXSID50449400"
"1493","DTXSID50379879"
"1494","DTXSID20379886"
"1495","DTXSID70379891"
"1496","DTXSID40880388"
"1497","DTXSID1068772"
"1498","DTXSID20477311"
"1499","DTXSID40892325"
"1500","DTXSID3068170"
"1501","DTXSID301023145"
"1502","DTXSID20379947"
"1503","DTXSID70894135"
"1504","DTXSID50472556"
"1505","DTXSID50451109"
"1506","DTXSID20337446"
"1507","DTXSID60379284"
"1508","DTXSID30897026"
"1509","DTXSID401022245"
"1510","DTXSID601023582"
"1511","DTXSID20896109"
"1512","DTXSID30513234"
"1513","DTXSID60526670"
"1514","DTXSID20833574"
"1515","DTXSID70806399"
"1516","DTXSID20722151"
"1517","DTXSID50764549"
"1518","DTXSID60895737"
"1519","DTXSID00476261"
"1520","DTXSID40895578"
"1521","DTXSID40600245"
"1522","DTXSID50895524"
"1523","DTXSID60895570"
"1524","DTXSID10551316"
"1525","DTXSID50772922"
"1526","DTXSID00895418"
"1527","DTXSID60895494"
"1528","DTXSID00833310"
"1529","DTXSID60560190"
"1530","DTXSID90551319"
"1531","DTXSID80728932"
"1532","DTXSID201015597"
"1533","DTXSID20758692"
"1534","DTXSID40791081"
"1535","DTXSID401023150"
"1536","DTXSID90512405"
"1537","DTXSID10892352"
"1538","DTXSID10770449"
"1539","DTXSID50833360"
"1540","DTXSID80895335"
"1541","DTXSID20795562"
"1542","DTXSID80379908"
"1543","DTXSID10556664"
"1544","DTXSID80549523"
"1545","DTXSID50895645"
"1546","DTXSID10773273"
"1547","DTXSID30163036"
"1548","DTXSID90379732"
"1549","DTXSID90895745"
"1550","DTXSID30379933"
"1551","DTXSID80895678"
"1552","DTXSID40336476"
"1553","DTXSID80544912"
"1554","DTXSID30771731"
"1555","DTXSID50787071"
"1556","DTXSID40381986"
"1557","DTXSID40895396"
"1558","DTXSID00336710"
"1559","DTXSID00283715"
"1560","DTXSID00598770"
"1561","DTXSID80620189"
"1562","DTXSID90371231"
"1563","DTXSID90474812"
"1564","DTXSID00525021"
"1565","DTXSID40896343"
"1566","DTXSID20371305"
"1567","DTXSID10551492"
"1568","DTXSID30465522"
"1569","DTXSID80371326"
"1570","DTXSID40371327"
"1571","DTXSID90382100"
"1572","DTXSID80371321"
"1573","DTXSID00371323"
"1574","DTXSID20371325"
"1575","DTXSID00758594"
"1576","DTXSID60378439"
"1577","DTXSID60371288"
"1578","DTXSID70895208"
"1579","DTXSID90526668"
"1580","DTXSID50526669"
"1581","DTXSID10895388"
"1582","DTXSID60371329"
"1583","DTXSID30371331"
"1584","DTXSID90371291"
"1585","DTXSID50896339"
"1586","DTXSID20371289"
"1587","DTXSID90580361"
"1588","DTXSID90820476"
"1589","DTXSID701004000"
"1590","DTXSID10510943"
"1591","DTXSID90991670"
"1592","DTXSID40510794"
"1593","DTXSID80883353"
"1594","DTXSID70530521"
"1595","DTXSID50506183"
"1596","DTXSID50750745"
"1597","DTXSID10893405"
"1598","DTXSID101023268"
"1599","DTXSID00563362"
"1600","DTXSID20595822"
"1601","DTXSID80542554"
"1602","DTXSID60664960"
"1603","DTXSID50557998"
"1604","DTXSID30476698"
"1605","DTXSID00382116"
"1606","DTXSID60382117"
"1607","DTXSID90382120"
"1608","DTXSID70763993"
"1609","DTXSID60896360"
"1610","DTXSID70510944"
"1611","DTXSID60378712"
"1612","DTXSID30510945"
"1613","DTXSID00895211"
"1614","DTXSID50895403"
"1615","DTXSID90382504"
"1616","DTXSID30371513"
"1617","DTXSID10631344"
"1618","DTXSID70382103"
"1619","DTXSID80896347"
"1620","DTXSID80896180"
"1621","DTXSID30896352"
"1622","DTXSID80843871"
"1623","DTXSID80371528"
"1624","DTXSID10535671"
"1625","DTXSID60382112"
"1626","DTXSID30706866"
"1627","DTXSID40896121"
"1628","DTXSID00179503"
"1629","DTXSID90896136"
"1630","DTXSID30637843"
"1631","DTXSID80617579"
"1632","DTXSID50895584"
"1633","DTXSID00818945"
"1634","DTXSID90896338"
"1635","DTXSID00896521"
"1636","DTXSID20531189"
"1637","DTXSID00635255"
"1638","DTXSID70896376"
"1639","DTXSID00813814"
"1640","DTXSID10471409"
"1641","DTXSID30470131"
"1642","DTXSID10808519"
"1643","DTXSID10534164"
"1644","DTXSID80453212"
"1645","DTXSID80896009"
"1646","DTXSID90896010"
"1647","DTXSID20379427"
"1648","DTXSID40896505"
"1649","DTXSID80889254"
"1650","DTXSID30547771"
"1651","DTXSID50549070"
"1652","DTXSID20895930"
"1653","DTXSID00896506"
"1654","DTXSID70896750"
"1655","DTXSID001023322"
"1656","DTXSID80723341"
"1657","DTXSID50276399"
"1658","DTXSID10450214"
"1659","DTXSID80438564"
"1660","DTXSID10694136"
"1661","DTXSID20337244"
"1662","DTXSID50206196"
"1663","DTXSID3066184"
"1664","DTXSID2071368"
"1665","DTXSID50243945"
"1666","DTXSID7070840"
"1667","DTXSID30881364"
"1668","DTXSID4066389"
"1669","DTXSID50473689"
"1670","DTXSID50476079"
"1671","DTXSID60476080"
"1672","DTXSID20434227"
"1673","DTXSID00382171"
"1674","DTXSID00611211"
"1675","DTXSID40371089"
"1676","DTXSID60631394"
"1677","DTXSID50896612"
"1678","DTXSID50548881"
"1679","DTXSID50380829"
"1680","DTXSID00531248"
"1681","DTXSID60531249"
"1682","DTXSID00210081"
"1683","DTXSID10190623"
"1684","DTXSID10760481"
"1685","DTXSID20385341"
"1686","DTXSID30379711"
"1687","DTXSID60837950"
"1688","DTXSID90837948"
"1689","DTXSID50837949"
"1690","DTXSID20895713"
"1691","DTXSID60502010"
"1692","DTXSID20530076"
"1693","DTXSID40437856"
"1694","DTXSID20784855"
"1695","DTXSID60380390"
"1696","DTXSID70292733"
"1697","DTXSID20871633"
"1698","DTXSID30808834"
"1699","DTXSID70896492"
"1700","DTXSID30837947"
"1701","DTXSID70895743"
"1702","DTXSID90895942"
"1703","DTXSID80844621"
"1704","DTXSID70663085"
"1705","DTXSID70822130"
"1706","DTXSID40893155"
"1707","DTXSID80893154"
"1708","DTXSID70527810"
"1709","DTXSID401023205"
"1710","DTXSID70198781"
"1711","DTXSID40846722"
"1712","DTXSID50762540"
"1713","DTXSID90549418"
"1714","DTXSID80380195"
"1715","DTXSID30380206"
"1716","DTXSID10711519"
"1717","DTXSID50840837"
"1718","DTXSID60907607"
"1719","DTXSID60928190"
"1720","DTXSID30543096"
"1721","DTXSID20191242"
"1722","DTXSID70709770"
"1723","DTXSID50536980"
"1724","DTXSID20543520"
"1725","DTXSID40524775"
"1726","DTXSID70781036"
"1727","DTXSID801023140"
"1728","DTXSID601015749"
"1729","DTXSID60904459"
"1730","DTXSID10904747"
"1731","DTXSID10447346"
"1732","DTXSID10569815"
"1733","DTXSID90608332"
"1734","DTXSID10546681"
"1735","DTXSID70905391"
"1736","DTXSID00548578"
"1737","DTXSID40958738"
"1738","DTXSID00597844"
"1739","DTXSID10700988"
"1740","DTXSID00956977"
"1741","DTXSID80880140"
"1742","DTXSID60380214"
"1743","DTXSID00503405"
"1744","DTXSID60906317"
"1745","DTXSID50907611"
"1746","DTXSID00907606"
"1747","DTXSID70895748"
"1748","DTXSID30932269"
"1749","DTXSID80801032"
"1750","DTXSID50375098"
"1751","DTXSID90618239"
"1752","DTXSID60375100"
"1753","DTXSID90664377"
"1754","DTXSID80628928"
"1755","DTXSID20290784"
"1756","DTXSID80285772"
"1757","DTXSID40196214"
"1758","DTXSID60996955"
"1759","DTXSID00987261"
"1760","DTXSID70963153"
"1761","DTXSID90962921"
"1762","DTXSID50505595"
"1763","DTXSID90649104"
"1764","DTXSID70289320"
"1765","DTXSID10655202"
"1766","DTXSID60603935"
"1767","DTXSID80516538"
"1768","DTXSID40382135"
"1769","DTXSID801022247"
"1770","DTXSID40379767"
"1771","DTXSID40650447"
"1772","DTXSID80895759"
"1773","DTXSID101022953"
"1774","DTXSID90631064"
"1775","DTXSID50602250"
"1776","DTXSID80570655"
"1777","DTXSID501023034"
"1778","DTXSID30297204"
"1779","DTXSID90612353"
"1780","DTXSID70844610"
"1781","DTXSID80468003"
"1782","DTXSID30892490"
"1783","DTXSID90892491"
"1784","DTXSID40460361"
"1785","DTXSID50826631"
"1786","DTXSID00502610"
"1787","DTXSID50962922"
"1788","DTXSID80620063"
"1789","DTXSID70380846"
"1790","DTXSID90836794"
"1791","DTXSID30611522"
"1792","DTXSID30896074"
"1793","DTXSID60895979"
"1794","DTXSID40896065"
"1795","DTXSID60896082"
"1796","DTXSID40896020"
"1797","DTXSID30618238"
"1798","DTXSID10896017"
"1799","DTXSID30895244"
"1800","DTXSID20285776"
"1801","DTXSID20315906"
"1802","DTXSID90895967"
"1803","DTXSID30895744"
"1804","DTXSID90620170"
"1805","DTXSID70532883"
"1806","DTXSID30773270"
"1807","DTXSID40526456"
"1808","DTXSID80895476"
"1809","DTXSID10599394"
"1810","DTXSID20895591"
"1811","DTXSID80895754"
"1812","DTXSID00895690"
"1813","DTXSID00895751"
"1814","DTXSID90895169"
"1815","DTXSID60895191"
"1816","DTXSID30289321"
"1817","DTXSID90895361"
"1818","DTXSID40655199"
"1819","DTXSID10895520"
"1820","DTXSID90693006"
"1821","DTXSID50731059"
"1822","DTXSID20767880"
"1823","DTXSID90366248"
"1824","DTXSID00895473"
"1825","DTXSID10895560"
"1826","DTXSID40895513"
"1827","DTXSID00895493"
"1828","DTXSID001022679"
"1829","DTXSID90705597"
"1830","DTXSID3065586"
"1831","DTXSID30895522"
"1832","DTXSID40895497"
"1833","DTXSID90895588"
"1834","DTXSID20823157"
"1835","DTXSID70503856"
"1836","DTXSID30503857"
"1837","DTXSID90836653"
"1838","DTXSID10786065"
"1839","DTXSID501023189"
"1840","DTXSID20532050"
"1841","DTXSID90228812"
"1842","DTXSID80506994"
"1843","DTXSID60558532"
"1844","DTXSID40522413"
"1845","DTXSID60544056"
"1846","DTXSID40774435"
"1847","DTXSID20604605"
"1848","DTXSID20605516"
"1849","DTXSID40379722"
"1850","DTXSID20880962"
"1851","DTXSID10536168"
"1852","DTXSID801023152"
"1853","DTXSID40379727"
"1854","DTXSID10215385"
"1855","DTXSID50379733"
"1856","DTXSID00503960"
"1857","DTXSID10379734"
"1858","DTXSID10801469"
"1859","DTXSID10896077"
"1860","DTXSID90895720"
"1861","DTXSID90896757"
"1862","DTXSID70895248"
"1863","DTXSID60382157"
"1864","DTXSID50184809"
"1865","DTXSID20207771"
"1866","DTXSID60826566"
"1867","DTXSID20880583"
"1868","DTXSID10452233"
"1869","DTXSID80880125"
"1870","DTXSID90802858"
"1871","DTXSID30836652"
"1872","DTXSID30620694"
"1873","DTXSID40851497"
"1874","DTXSID6060341"
"1875","DTXSID40615894"
"1876","DTXSID00189465"
"1877","DTXSID30760105"
"1878","DTXSID30663107"
"1879","DTXSID20556918"
"1880","DTXSID30502941"
"1881","DTXSID601022358"
"1882","DTXSID10896759"
"1883","DTXSID80590878"
"1884","DTXSID90561751"
"1885","DTXSID80895456"
"1886","DTXSID60895752"
"1887","DTXSID60895696"
"1888","DTXSID90895987"
"1889","DTXSID50895701"
"1890","DTXSID50895923"
"1891","DTXSID20544057"
"1892","DTXSID90663108"
"1893","DTXSID50379819"
"1894","DTXSID70379831"
"1895","DTXSID00382136"
"1896","DTXSID10522804"
"1897","DTXSID70522805"
"1898","DTXSID90505695"
"1899","DTXSID10337273"
"1900","DTXSID00507665"
"1901","DTXSID30505795"
"1902","DTXSID30776049"
"1903","DTXSID50896177"
"1904","DTXSID70405381"
"1905","DTXSID90794305"
"1906","DTXSID10504246"
"1907","DTXSID00446247"
"1908","DTXSID80895971"
"1909","DTXSID90895523"
"1910","DTXSID70777055"
"1911","DTXSID40340351"
"1912","DTXSID10895742"
"1913","DTXSID90505079"
"1914","DTXSID80672906"
"1915","DTXSID5063235"
"1916","DTXSID60896002"
"1917","DTXSID00451977"
"1918","DTXSID501022767"
"1919","DTXSID20195124"
"1920","DTXSID20895470"
"1921","DTXSID70377690"
"1922","DTXSID90380060"
"1923","DTXSID80880206"
"1924","DTXSID00880420"
"1925","DTXSID80895532"
"1926","DTXSID10241124"
"1927","DTXSID40197408"
"1928","DTXSID00880122"
"1929","DTXSID30895986"
"1930","DTXSID80895719"
"1931","DTXSID10184729"
"1932","DTXSID80197407"
"1933","DTXSID901015479"
"1934","DTXSID0065931"
"1935","DTXSID70631441"
"1936","DTXSID10818330"
"1937","DTXSID1070983"
"1938","DTXSID50896596"
"1939","DTXSID70896598"
"1940","DTXSID70818331"
"1941","DTXSID90606570"
"1942","DTXSID40880161"
"1943","DTXSID201015478"
"1944","DTXSID90749254"
"1945","DTXSID901020701"
"1946","DTXSID80896589"
"1947","DTXSID10896597"
"1948","DTXSID80896600"
"1949","DTXSID20507187"
"1950","DTXSID10544086"
"1951","DTXSID00817377"
"1952","DTXSID40817376"
"1953","DTXSID20556913"
"1954","DTXSID80556914"
"1955","DTXSID90614832"
"1956","DTXSID40896601"
"1957","DTXSID60565302"
"1958","DTXSID80887674"
"1959","DTXSID60520390"
"1960","DTXSID00552019"
"1961","DTXSID90844617"
"1962","DTXSID40896303"
"1963","DTXSID10895924"
"1964","DTXSID70568086"
"1965","DTXSID70896578"
"1966","DTXSID00802945"
"1967","DTXSID20896588"
"1968","DTXSID30380761"
"1969","DTXSID90896595"
"1970","DTXSID10379810"
"1971","DTXSID30896599"
"1972","DTXSID50896591"
"1973","DTXSID40896585"
"1974","DTXSID00892508"
"1975","DTXSID30880514"
"1976","DTXSID50880995"
"1977","DTXSID10896577"
"1978","DTXSID80850409"
"1979","DTXSID60896567"
"1980","DTXSID70527815"
"1981","DTXSID40462643"
"1982","DTXSID80896584"
"1983","DTXSID40761663"
"1984","DTXSID40780652"
"1985","DTXSID80663096"
"1986","DTXSID40568255"
"1987","DTXSID30380822"
"1988","DTXSID90925910"
"1989","DTXSID1042025"
"1990","DTXSID80881011"
"1991","DTXSID80604005"
"1992","DTXSID001022936"
"1993","DTXSID60537807"
"1994","DTXSID90870512"
"1995","DTXSID60501189"
"1996","DTXSID301023169"
"1997","DTXSID301023171"
"1998","DTXSID80468467"
"1999","DTXSID10844619"
"2000","DTXSID30896397"
"2001","DTXSID20465531"
"2002","DTXSID40880202"
"2003","DTXSID50892477"
"2004","DTXSID601023720"
"2005","DTXSID20446486"
"2006","DTXSID50896551"
"2007","DTXSID80896549"
"2008","DTXSID70896497"
"2009","DTXSID70504161"
"2010","DTXSID10382167"
"2011","DTXSID40702839"
"2012","DTXSID70631188"
"2013","DTXSID60514552"
"2014","DTXSID50862736"
"2015","DTXSID30382169"
"2016","DTXSID20896482"
"2017","DTXSID10896294"
"2018","DTXSID00896309"
"2019","DTXSID90505110"
"2020","DTXSID801023590"
"2021","DTXSID501023589"
"2022","DTXSID00959968"
"2023","DTXSID90886254"
"2024","DTXSID401023148"
"2025","DTXSID901023779"
"2026","DTXSID10896557"
"2027","DTXSID30896554"
"2028","DTXSID50896556"
"2029","DTXSID80896524"
"2030","DTXSID60926737"
"2031","DTXSID80896509"
"2032","DTXSID20896523"
"2033","DTXSID501015827"
"2034","DTXSID801015826"
"2035","DTXSID20657656"
"2036","DTXSID40896500"
"2037","DTXSID80977589"
"2038","DTXSID40712059"
"2039","DTXSID80477938"
"2040","DTXSID30463104"
"2041","DTXSID70384344"
"2042","DTXSID80455357"
"2043","DTXSID70695664"
"2044","DTXSID80823911"
"2045","DTXSID30805308"
"2046","DTXSID00818329"
"2047","DTXSID50631323"
"2048","DTXSID90896570"
"2049","DTXSID00843777"
"2050","DTXSID10597158"
"2051","DTXSID20553684"
"2052","DTXSID1074595"
"2053","DTXSID20793427"
"2054","DTXSID80579921"
"2055","DTXSID00896586"
"2056","DTXSID60896587"
"2057","DTXSID20529900"
"2058","DTXSID10896592"
"2059","DTXSID00763345"
"2060","DTXSID90379833"
"2061","DTXSID70896593"
"2062","DTXSID30758800"
"2063","DTXSID60783307"
"2064","DTXSID90896590"
"2065","DTXSID90896575"
"2066","DTXSID20896604"
"2067","DTXSID40800344"
"2068","DTXSID20896583"
"2069","DTXSID00380278"
"2070","DTXSID70750363"
"2071","DTXSID50896571"
"2072","DTXSID20846720"
"2073","DTXSID00846723"
"2074","DTXSID30896574"
"2075","DTXSID50896576"
"2076","DTXSID00696689"
"2077","DTXSID60896603"
"2078","DTXSID20830982"
"2079","DTXSID80825531"
"2080","DTXSID60896582"
"2081","DTXSID10829921"
"2082","DTXSID00348353"
"2083","DTXSID20348355"
"2084","DTXSID00523502"
"2085","DTXSID80896387"
"2086","DTXSID90534329"
"2087","DTXSID20896402"
"2088","DTXSID80896403"
"2089","DTXSID50524504"
"2090","DTXSID50896379"
"2091","DTXSID90896373"
"2092","DTXSID20565621"
"2093","DTXSID40896388"
"2094","DTXSID00371606"
"2095","DTXSID80896145"
"2096","DTXSID90804377"
"2097","DTXSID30896357"
"2098","DTXSID00896162"
"2099","DTXSID80661330"
"2100","DTXSID00896581"
"2101","DTXSID80800343"
"2102","DTXSID50751656"
"2103","DTXSID30896377"
"2104","DTXSID50238598"
"2105","DTXSID30235085"
"2106","DTXSID90617606"
"2107","DTXSID00237536"
"2108","DTXSID10290778"
"2109","DTXSID30485240"
"2110","DTXSID40540213"
"2111","DTXSID00787369"
"2112","DTXSID401023643"
"2113","DTXSID4059966"
"2114","DTXSID6068985"
"2115","DTXSID8068250"
"2116","DTXSID60825615"
"2117","DTXSID80459577"
"2118","DTXSID70892555"
"2119","DTXSID20874028"
"2120","DTXSID10880618"
"2121","DTXSID40896323"
"2122","DTXSID60896340"
"2123","DTXSID101023151"
"2124","DTXSID70824497"
"2125","DTXSID60833295"
"2126","DTXSID00618548"
"2127","DTXSID50232773"
"2128","DTXSID501003999"
"2129","DTXSID501023177"
"2130","DTXSID101022684"
"2131","DTXSID70754563"
"2132","DTXSID10233049"
"2133","DTXSID80339340"
"2134","DTXSID801023164"
"2135","DTXSID901023155"
"2136","DTXSID80758653"
"2137","DTXSID6068145"
"2138","DTXSID60382011"
"2139","DTXSID70543095"
"2140","DTXSID90543517"
"2141","DTXSID50543518"
"2142","DTXSID50540683"
"2143","DTXSID20379987"
"2144","DTXSID50379273"
"2145","DTXSID50405743"
"2146","DTXSID10293289"
"2147","DTXSID10895681"
"2148","DTXSID80382159"
"2149","DTXSID70379290"
"2150","DTXSID50896091"
"2151","DTXSID60379289"
"2152","DTXSID70771619"
"2153","DTXSID80371563"
"2154","DTXSID401023629"
"2155","DTXSID20379705"
"2156","DTXSID50844613"
"2157","DTXSID20895990"
"2158","DTXSID30602238"
"2159","DTXSID20631330"
"2160","DTXSID10379870"
"2161","DTXSID30382048"
"2162","DTXSID10382147"
"2163","DTXSID10379355"
"2164","DTXSID00379884"
"2165","DTXSID00880985"
"2166","DTXSID40381269"
"2167","DTXSID80445177"
"2168","DTXSID70869964"
"2169","DTXSID90382620"
"2170","DTXSID40893377"
"2171","DTXSID30880413"
"2172","DTXSID30895941"
"2173","DTXSID70379871"
"2174","DTXSID50397558"
"2175","DTXSID40380257"
"2176","DTXSID60893172"
"2177","DTXSID40337443"
"2178","DTXSID50880415"
"2179","DTXSID10379991"
"2180","DTXSID40457135"
"2181","DTXSID20444220"
"2182","DTXSID70380003"
"2183","DTXSID00896985"
"2184","DTXSID80382139"
"2185","DTXSID60379269"
"2186","DTXSID80703401"
"2187","DTXSID70896018"
"2188","DTXSID70560929"
"2189","DTXSID70783393"
"2190","DTXSID80535320"
"2191","DTXSID20567807"
"2192","DTXSID70617184"
"2193","DTXSID00621512"
"2194","DTXSID30602213"
"2195","DTXSID30895562"
"2196","DTXSID00895498"
"2197","DTXSID50893565"
"2198","DTXSID70379735"
"2199","DTXSID10896496"
"2200","DTXSID901023717"
"2201","DTXSID20549522"
"2202","DTXSID90593173"
"2203","DTXSID601023687"
"2204","DTXSID50895625"
"2205","DTXSID10895525"
"2206","DTXSID50536985"
"2207","DTXSID40544291"
"2208","DTXSID40195025"
"2209","DTXSID30568345"
"2210","DTXSID90536984"
"2211","DTXSID60440802"
"2212","DTXSID501023315"
"2213","DTXSID10749256"
"2214","DTXSID00371222"
"2215","DTXSID10896350"
"2216","DTXSID80789801"
"2217","DTXSID5073905"
"2218","DTXSID20455371"
"2219","DTXSID50241204"
"2220","DTXSID60763104"
"2221","DTXSID00753084"
"2222","DTXSID90542348"
"2223","DTXSID70749257"
"2224","DTXSID90557997"
"2225","DTXSID00382111"
"2226","DTXSID20382118"
"2227","DTXSID80382119"
"2228","DTXSID20536932"
"2229","DTXSID701023028"
"2230","DTXSID40896484"
"2231","DTXSID70337512"
"2232","DTXSID60853958"
"2233","DTXSID90870315"
"2234","DTXSID601023168"
"2235","DTXSID901023579"
"2236","DTXSID80583740"
"2237","DTXSID20667619"
"2238","DTXSID40889179"
"2239","DTXSID30889183"
"2240","DTXSID50711396"
"2241","DTXSID80803157"
"2242","DTXSID90896510"
"2243","DTXSID40895937"
"2244","DTXSID90336365"
"2245","DTXSID30850994"
"2246","DTXSID90449404"
"2247","DTXSID70895283"
"2248","DTXSID40762352"
"2249","DTXSID40464208"
"2250","DTXSID40881330"
"2251","DTXSID30379357"
"2252","DTXSID50290777"
"2253","DTXSID20330598"
"2254","DTXSID1042027"
"2255","DTXSID60506119"
"2256","DTXSID10503092"
"2257","DTXSID70765119"
"2258","DTXSID80896529"
"2259","DTXSID30892359"
"2260","DTXSID40755522"
"2261","DTXSID00610941"
"2262","DTXSID70808833"
"2263","DTXSID30617564"
"2264","DTXSID70548580"
"2265","DTXSID20298462"
"2266","DTXSID10617562"
"2267","DTXSID50298455"
"2268","DTXSID90382165"
"2269","DTXSID30896493"
"2270","DTXSID50624351"
"2271","DTXSID90893382"
"2272","DTXSID8073475"
"2273","DTXSID60216509"
"2274","DTXSID60548579"
"2275","DTXSID70170108"
"2276","DTXSID40907605"
"2277","DTXSID10382081"
"2278","DTXSID10880173"
"2279","DTXSID80409512"
"2280","DTXSID90955318"
"2281","DTXSID80896569"
"2282","DTXSID80524734"
"2283","DTXSID401023243"
"2284","DTXSID70597472"
"2285","DTXSID40763445"
"2286","DTXSID10837849"
"2287","DTXSID20896568"
"2288","DTXSID001022900"
"2289","DTXSID2068763"
"2290","DTXSID50557610"
"2291","DTXSID20613878"
"2292","DTXSID70609600"
"2293","DTXSID80785328"
"2294","DTXSID90502609"
"2295","DTXSID30526480"
"2296","DTXSID00346051"
"2297","DTXSID50308644"
"2298","DTXSID20326739"
"2299","DTXSID60550233"
"2300","DTXSID90292093"
"2301","DTXSID70896573"
"2302","DTXSID80895178"
"2303","DTXSID10895186"
"2304","DTXSID90382140"
"2305","DTXSID80562853"
"2306","DTXSID20895495"
"2307","DTXSID70371830"
"2308","DTXSID80766399"
"2309","DTXSID60896608"
"2310","DTXSID70546228"
"2311","DTXSID80228205"
"2312","DTXSID50379713"
"2313","DTXSID90379712"
"2314","DTXSID50450177"
"2315","DTXSID00896602"
"2316","DTXSID00800360"
"2317","DTXSID80895239"
"2318","DTXSID301022242"
"2319","DTXSID2067327"
"2320","DTXSID70895268"
"2321","DTXSID40880540"
"2322","DTXSID6047575"
"2323","DTXSID70895940"
"2324","DTXSID20896028"
"2325","DTXSID40895598"
"2326","DTXSID70895627"
"2327","DTXSID30895502"
"2328","DTXSID70188389"
"2329","DTXSID70895521"
"2330","DTXSID50895741"
"2331","DTXSID90338344"
"2332","DTXSID40833516"
"2333","DTXSID60881312"
"2334","DTXSID10232971"
"2335","DTXSID80893412"
"2336","DTXSID7070341"
"2337","DTXSID20292864"
"2338","DTXSID40292861"
"2339","DTXSID40607395"
"2340","DTXSID40788890"
"2341","DTXSID60346052"
"2342","DTXSID20895293"
"2343","DTXSID70527451"
"2344","DTXSID80781567"
"2345","DTXSID50764100"
"2346","DTXSID20617578"
"2347","DTXSID40781765"
"2348","DTXSID40895356"
"2349","DTXSID80895471"
"2350","DTXSID20895379"
"2351","DTXSID00892821"
"2352","DTXSID30895724"
"2353","DTXSID40873417"
"2354","DTXSID7067328"
"2355","DTXSID5044572"
"2356","DTXSID00379980"
"2357","DTXSID00880541"
"2358","DTXSID3047558"
"2359","DTXSID20895718"
"2360","DTXSID20880240"
"2361","DTXSID40439436"
"2362","DTXSID00880223"
"2363","DTXSID60164839"
"2364","DTXSID30828097"
"2365","DTXSID50615724"
"2366","DTXSID5067348"
"2367","DTXSID7029904"
"2368","DTXSID6062123"
"2369","DTXSID70895480"
"2370","DTXSID20895637"
"2371","DTXSID80505826"
"2372","DTXSID30552709"
"2373","DTXSID90547131"
"2374","DTXSID10895489"
"2375","DTXSID80873416"
"2376","DTXSID2067329"
"2377","DTXSID30880534"
"2378","DTXSID00627413"
"2379","DTXSID8062101"
"2380","DTXSID80880241"
"2381","DTXSID401022283"
"2382","DTXSID80531145"
"2383","DTXSID40895311"
"2384","DTXSID40895538"
"2385","DTXSID60880542"
"2386","DTXSID40895376"
"2387","DTXSID10551730"
"2388","DTXSID80895451"
"2389","DTXSID20895531"
"2390","DTXSID40895472"
"2391","DTXSID30896337"
"2392","DTXSID60524434"
"2393","DTXSID70853287"
"2394","DTXSID50504109"
"2395","DTXSID40781806"
"2396","DTXSID7067324"
"2397","DTXSID50880172"
"2398","DTXSID50379910"
"2399","DTXSID50379899"
"2400","DTXSID80276084"
"2401","DTXSID30544907"
"2402","DTXSID10711635"
"2403","DTXSID30379897"
"2404","DTXSID60475518"
"2405","DTXSID90954583"
"2406","DTXSID40896580"
"2407","DTXSID00895256"
"2408","DTXSID20570917"
"2409","DTXSID601023782"
"2410","DTXSID90509931"
"2411","DTXSID60378818"
"2412","DTXSID60561369"
"2413","DTXSID201023730"
"2414","DTXSID101023018"
"2415","DTXSID40334477"
"2416","DTXSID70382128"
"2417","DTXSID70544906"
"2418","DTXSID601023732"
"2419","DTXSID00896102"
"2420","DTXSID70896139"
"2421","DTXSID101023137"
"2422","DTXSID50379915"
"2423","DTXSID101023006"
"2424","DTXSID00896344"
"2425","DTXSID20721508"
"2426","DTXSID201023180"
"2427","DTXSID40508474"
"2428","DTXSID60896300"
"2429","DTXSID80896307"
"2430","DTXSID40850203"
"2431","DTXSID80613879"
"2432","DTXSID80791464"
"2433","DTXSID30896579"
"2434","DTXSID80702095"
"2435","DTXSID90848034"
"2436","DTXSID60763346"
"2437","DTXSID40895533"
"2438","DTXSID00892326"
"2439","DTXSID701026622"
"2440","DTXSID20895657"
"2441","DTXSID70895723"
"2442","DTXSID20758051"
"2443","DTXSID40896444"
"2444","DTXSID10290773"
"2445","DTXSID00290782"
"2446","DTXSID70290774"
"2447","DTXSID20578251"
"2448","DTXSID80756538"
"2449","DTXSID90375294"
"2450","DTXSID90880176"
"2451","DTXSID30896392"
"2452","DTXSID00787364"
"2453","DTXSID50478376"
"2454","DTXSID4059914"
"2455","DTXSID50382141"
"2456","DTXSID50617268"
"2457","DTXSID60880148"
"2458","DTXSID80892985"
"2459","DTXSID00379268"
"2460","DTXSID90174941"
"2461","DTXSID80329968"
"2462","DTXSID80182555"
"2463","DTXSID60379769"
"2464","DTXSID80896064"
"2465","DTXSID60896204"
"2466","DTXSID50881164"
"2467","DTXSID60895297"
"2468","DTXSID60896365"
"2469","DTXSID20896366"
"2470","DTXSID40432922"
"2471","DTXSID20896341"
"2472","DTXSID70896351"
"2473","DTXSID90896333"
"2474","DTXSID60896325"
"2475","DTXSID10896315"
"2476","DTXSID00379748"
"2477","DTXSID50517633"
"2478","DTXSID30893321"
"2479","DTXSID70895243"
"2480","DTXSID70769814"
"2481","DTXSID30895709"
"2482","DTXSID20895733"
"2483","DTXSID10895661"
"2484","DTXSID70895960"
"2485","DTXSID00896006"
"2486","DTXSID30881162"
"2487","DTXSID00766654"
"2488","DTXSID50617607"
"2489","DTXSID50896152"
"2490","DTXSID20756890"
"2491","DTXSID50597571"
"2492","DTXSID00534794"
"2493","DTXSID80449453"
"2494","DTXSID80476365"
"2495","DTXSID40178671"
"2496","DTXSID90544569"
"2497","DTXSID70895662"
"2498","DTXSID50448190"
"2499","DTXSID20614603"
"2500","DTXSID2061729"
"2501","DTXSID3071303"
"2502","DTXSID40710035"
"2503","DTXSID00490109"
"2504","DTXSID00893398"
"2505","DTXSID00895958"
"2506","DTXSID30450630"
"2507","DTXSID10895944"
"2508","DTXSID80895592"
"2509","DTXSID80598677"
"2510","DTXSID10490110"
"2511","DTXSID50548366"
"2512","DTXSID60563888"
"2513","DTXSID20577986"
"2514","DTXSID60896986"
"2515","DTXSID60892327"
"2516","DTXSID90895664"
"2517","DTXSID90477969"
"2518","DTXSID70720561"
"2519","DTXSID30895981"
"2520","DTXSID30772829"
"2521","DTXSID90803027"
"2522","DTXSID60549521"
"2523","DTXSID10520380"
"2524","DTXSID4070827"
"2525","DTXSID10895989"
"2526","DTXSID50896293"
"2527","DTXSID70502980"
"2528","DTXSID50513695"
"2529","DTXSID40507265"
"2530","DTXSID40895699"
"2531","DTXSID60599501"
"2532","DTXSID30546547"
"2533","DTXSID20519220"
"2534","DTXSID80507264"
"2535","DTXSID10896072"
"2536","DTXSID80870521"
"2537","DTXSID90371312"
"2538","DTXSID80773144"
"2539","DTXSID80171484"
"2540","DTXSID10567270"
"2541","DTXSID70533537"
"2542","DTXSID80500730"
"2543","DTXSID80895698"
"2544","DTXSID50895746"
"2545","DTXSID60548635"
"2546","DTXSID20371466"
"2547","DTXSID00702219"
"2548","DTXSID70572441"
"2549","DTXSID20928858"
"2550","DTXSID30371492"
"2551","DTXSID30371497"
"2552","DTXSID50371499"
"2553","DTXSID50896096"
"2554","DTXSID90456335"
"2555","DTXSID201023192"
"2556","DTXSID10884373"
"2557","DTXSID50411804"
"2558","DTXSID40575747"
"2559","DTXSID60776335"
"2560","DTXSID40896040"
"2561","DTXSID10702407"
"2562","DTXSID60842660"
"2563","DTXSID00775625"
"2564","DTXSID70431246"
"2565","DTXSID00893353"
"2566","DTXSID90930483"
"2567","DTXSID50895463"
"2568","DTXSID60379249"
"2569","DTXSID80380256"
"2570","DTXSID80297693"
"2571","DTXSID70884379"
"2572","DTXSID60470543"
"2573","DTXSID70560308"
"2574","DTXSID10552020"
"2575","DTXSID7075260"
"2576","DTXSID20896563"
"2577","DTXSID80544972"
"2578","DTXSID60502131"
"2579","DTXSID40588675"
"2580","DTXSID10850336"
"2581","DTXSID40752177"
"2582","DTXSID70504267"
"2583","DTXSID00505883"
"2584","DTXSID00631919"
"2585","DTXSID80663076"
"2586","DTXSID30785853"
"2587","DTXSID30699022"
"2588","DTXSID001023172"
"2589","DTXSID80578530"
"2590","DTXSID70511931"
"2591","DTXSID60456120"
"2592","DTXSID50456573"
"2593","DTXSID70633884"
"2594","DTXSID80367128"
"2595","DTXSID90475884"
"2596","DTXSID30458858"
"2597","DTXSID00546236"
"2598","DTXSID00292105"
"2599","DTXSID90895982"
"2600","DTXSID30520387"
"2601","DTXSID50520384"
"2602","DTXSID40896000"
"2603","DTXSID70292117"
"2604","DTXSID90278736"
"2605","DTXSID80895714"
"2606","DTXSID10520385"
"2607","DTXSID30520382"
"2608","DTXSID90382160"
"2609","DTXSID20895233"
"2610","DTXSID30895360"
"2611","DTXSID00567047"
"2612","DTXSID60296260"
"2613","DTXSID90301790"
"2614","DTXSID90895225"
"2615","DTXSID50837828"
"2616","DTXSID90338647"
"2617","DTXSID60895631"
"2618","DTXSID30503716"
"2619","DTXSID50895564"
"2620","DTXSID00895478"
"2621","DTXSID90426033"
"2622","DTXSID00380854"
"2623","DTXSID00535640"
"2624","DTXSID90895962"
"2625","DTXSID80895294"
"2626","DTXSID50381270"
"2627","DTXSID60379704"
"2628","DTXSID20895238"
"2629","DTXSID80542670"
"2630","DTXSID50895180"
"2631","DTXSID90535038"
"2632","DTXSID80895193"
"2633","DTXSID90516569"
"2634","DTXSID10561152"
"2635","DTXSID30895648"
"2636","DTXSID00838885"
"2637","DTXSID40475879"
"2638","DTXSID90895629"
"2639","DTXSID601023201"
"2640","DTXSID80826684"
"2641","DTXSID90895245"
"2642","DTXSID30772920"
"2643","DTXSID30822919"
"2644","DTXSID00881159"
"2645","DTXSID70379992"
"2646","DTXSID30513335"
"2647","DTXSID70513233"
"2648","DTXSID40895452"
"2649","DTXSID80895431"
"2650","DTXSID60895914"
"2651","DTXSID00895514"
"2652","DTXSID90455222"
"2653","DTXSID70895586"
"2654","DTXSID00895352"
"2655","DTXSID90764184"
"2656","DTXSID50895443"
"2657","DTXSID80420762"
"2658","DTXSID40896762"
"2659","DTXSID70634492"
"2660","DTXSID80513168"
"2661","DTXSID40379924"
"2662","DTXSID70466735"
"2663","DTXSID70379917"
"2664","DTXSID90895740"
"2665","DTXSID60465994"
"2666","DTXSID20379907"
"2667","DTXSID80379882"
"2668","DTXSID80951844"
"2669","DTXSID00531243"
"2670","DTXSID70895162"
"2671","DTXSID30895163"
"2672","DTXSID40634686"
"2673","DTXSID20711101"
"2674","DTXSID40520378"
"2675","DTXSID10893349"
"2676","DTXSID20880220"
"2677","DTXSID60896320"
"2678","DTXSID70382168"
"2679","DTXSID50896495"
"2680","DTXSID00896501"
"2681","DTXSID20382173"
"2682","DTXSID10823025"
"2683","DTXSID20552157"
"2684","DTXSID60896183"
"2685","DTXSID20896220"
"2686","DTXSID60895939"
"2687","DTXSID40277653"
"2688","DTXSID40881350"
"2689","DTXSID1062122"
"2690","DTXSID70163035"
"2691","DTXSID90891565"
"2692","DTXSID30891564"
"2693","DTXSID60377821"
"2694","DTXSID30896630"
"2695","DTXSID20896629"
"2696","DTXSID60896628"
"2697","DTXSID30185112"
"2698","DTXSID70185111"
"2699","DTXSID50892417"
"2700","DTXSID70454016"
"2701","DTXSID70377817"
"2702","DTXSID30175730"
"2703","DTXSID20896346"
"2704","DTXSID30896372"
"2705","DTXSID70983619"
"2706","DTXSID10594041"
"2707","DTXSID00895377"
"2708","DTXSID00895731"
"2709","DTXSID70300645"
"2710","DTXSID30483726"
"2711","DTXSID70384425"
"2712","DTXSID50895983"
"2713","DTXSID60896143"
"2714","DTXSID40896126"
"2715","DTXSID90896151"
"2716","DTXSID40895977"
"2717","DTXSID60895575"
"2718","DTXSID60554473"
"2719","DTXSID80895996"
"2720","DTXSID30555078"
"2721","DTXSID70578529"
"2722","DTXSID001022112"
"2723","DTXSID30881086"
"2724","DTXSID60765522"
"2725","DTXSID70771210"
"2726","DTXSID70850039"
"2727","DTXSID30896115"
"2728","DTXSID60895156"
"2729","DTXSID20660049"
"2730","DTXSID20501049"
"2731","DTXSID60507262"
"2732","DTXSID40590152"
"2733","DTXSID90895684"
"2734","DTXSID20577749"
"2735","DTXSID30749258"
"2736","DTXSID20371229"
"2737","DTXSID60371228"
"2738","DTXSID80520377"
"2739","DTXSID10371319"
"2740","DTXSID90371317"
"2741","DTXSID101022591"
"2742","DTXSID00840842"
"2743","DTXSID10455502"
"2744","DTXSID10525012"
"2745","DTXSID00519223"
"2746","DTXSID60697778"
"2747","DTXSID00522414"
"2748","DTXSID60522410"
"2749","DTXSID60507267"
"2750","DTXSID30532884"
"2751","DTXSID50892917"
"2752","DTXSID90892916"
"2753","DTXSID30382109"
"2754","DTXSID50283720"
"2755","DTXSID20881196"
"2756","DTXSID90880555"
"2757","DTXSID20517504"
"2758","DTXSID20394918"
"2759","DTXSID30338343"
"2760","DTXSID20539241"
"2761","DTXSID50803523"
"2762","DTXSID00337368"
"2763","DTXSID40631433"
"2764","DTXSID50603909"
"2765","DTXSID80377823"
"2766","DTXSID20377822"
"2767","DTXSID50475885"
"2768","DTXSID30895183"
"2769","DTXSID50754561"
"2770","DTXSID60546555"
"2771","DTXSID40631438"
"2772","DTXSID80545621"
"2773","DTXSID40545622"
"2774","DTXSID00379248"
"2775","DTXSID00895175"
"2776","DTXSID80895198"
"2777","DTXSID50637845"
"2778","DTXSID40379267"
"2779","DTXSID60338331"
"2780","DTXSID60754153"
"2781","DTXSID10500703"
"2782","DTXSID00760218"
"2783","DTXSID30535037"
"2784","DTXSID40895275"
"2785","DTXSID00771905"
"2786","DTXSID00895251"
"2787","DTXSID40895331"
"2788","DTXSID00559083"
"2789","DTXSID80848129"
"2790","DTXSID60331105"
"2791","DTXSID30895441"
"2792","DTXSID30853288"
"2793","DTXSID10547133"
"2794","DTXSID50895266"
"2795","DTXSID50547132"
"2796","DTXSID60895712"
"2797","DTXSID70382067"
"2798","DTXSID20895536"
"2799","DTXSID20895672"
"2800","DTXSID90504108"
"2801","DTXSID20531245"
"2802","DTXSID90371599"
"2803","DTXSID80566977"
"2804","DTXSID00895190"
"2805","DTXSID70525013"
"2806","DTXSID70520381"
"2807","DTXSID90648137"
"2808","DTXSID70896513"
"2809","DTXSID10880996"
"2810","DTXSID00848040"
"2811","DTXSID60818941"
"2812","DTXSID10892998"
"2813","DTXSID00382070"
"2814","DTXSID90892517"
"2815","DTXSID90471144"
"2816","DTXSID40892567"
"2817","DTXSID00892341"
"2818","DTXSID50191038"
"2819","DTXSID00379728"
"2820","DTXSID70379730"
"2821","DTXSID20337466"
"2822","DTXSID70347030"
"2823","DTXSID10895565"
"2824","DTXSID70896371"
"2825","DTXSID60895313"
"2826","DTXSID00895438"
"2827","DTXSID00895539"
"2828","DTXSID00895716"
"2829","DTXSID80895951"
"2830","DTXSID50379859"
"2831","DTXSID60834146"
"2832","DTXSID80526672"
"2833","DTXSID60560453"
"2834","DTXSID40371286"
"2835","DTXSID30660050"
"2836","DTXSID40380212"
"2837","DTXSID60449779"
"2838","DTXSID40765040"
"2839","DTXSID30580825"
"2840","DTXSID60892968"
"2841","DTXSID30799319"
"2842","DTXSID30574345"
"2843","DTXSID10542608"
"2844","DTXSID00459211"
"2845","DTXSID70892914"
"2846","DTXSID10892913"
"2847","DTXSID30892930"
"2848","DTXSID20880169"
"2849","DTXSID20758652"
"2850","DTXSID60567048"
"2851","DTXSID40548577"
"2852","DTXSID50775731"
"2853","DTXSID60193068"
"2854","DTXSID40895477"
"2855","DTXSID40518139"
"2856","DTXSID60806161"
"2857","DTXSID90771757"
"2858","DTXSID40447874"
"2859","DTXSID80895512"
"2860","DTXSID30895204"
"2861","DTXSID60851772"
"2862","DTXSID00190950"
"2863","DTXSID60892569"
"2864","DTXSID10880512"
"2865","DTXSID50880511"
"2866","DTXSID50896637"
"2867","DTXSID6067331"
"2868","DTXSID10379850"
"2869","DTXSID80983620"
"2870","DTXSID70895985"
"2871","DTXSID20479077"
"2872","DTXSID40895159"
"2873","DTXSID10660053"
"2874","DTXSID50518347"
"2875","DTXSID70799318"
"2876","DTXSID70840839"
"2877","DTXSID20792415"
"2878","DTXSID901023048"
"2879","DTXSID70371496"
"2880","DTXSID10371495"
"2881","DTXSID90382105"
"2882","DTXSID50509058"
"2883","DTXSID20892929"
"2884","DTXSID80346236"
"2885","DTXSID10631440"
"2886","DTXSID30379751"
"2887","DTXSID20806167"
"2888","DTXSID20546556"
"2889","DTXSID00379703"
"2890","DTXSID90895422"
"2891","DTXSID80285777"
"2892","DTXSID30895224"
"2893","DTXSID50895226"
"2894","DTXSID80896302"
"2895","DTXSID5059793"
"2896","DTXSID50892518"
"2897","DTXSID10895328"
"2898","DTXSID70630919"
"2899","DTXSID10517598"
"2900","DTXSID50382621"
"2901","DTXSID10892519"
"2902","DTXSID60337465"
"2903","DTXSID70411487"
"2904","DTXSID70165670"
"2905","DTXSID00379829"
"2906","DTXSID80895936"
"2907","DTXSID50560189"
"2908","DTXSID00438405"
"2909","DTXSID10895181"
"2910","DTXSID30770784"
"2911","DTXSID80587369"
"2912","DTXSID30892935"
"2913","DTXSID80388474"
"2914","DTXSID40863318"
"2915","DTXSID90892936"
"2916","DTXSID10895444"
"2917","DTXSID30847001"
"2918","DTXSID80336475"
"2919","DTXSID90892613"
"2920","DTXSID20893350"
"2921","DTXSID00192353"
"2922","DTXSID001019143"
"2923","DTXSID50188165"
"2924","DTXSID00187143"
"2925","DTXSID70565479"
"2926","DTXSID90379999"
"2927","DTXSID30382104"
"2928","DTXSID50226894"
"2929","DTXSID30458595"
"2930","DTXSID20895278"
"2931","DTXSID00369826"
"2932","DTXSID20892520"
"2933","DTXSID00551729"
"2934","DTXSID80892521"
"2935","DTXSID90823902"
"2936","DTXSID20755484"
"2937","DTXSID80755485"
"2938","DTXSID40778938"
"2939","DTXSID80831379"
"2940","DTXSID20812687"
"2941","DTXSID40773105"
"2942","DTXSID50818435"
"2943","DTXSID20785685"
"2944","DTXSID10768548"
"2945","DTXSID50767898"
"2946","DTXSID601022241"
"2947","DTXSID00471251"
"2948","DTXSID40243257"
"2949","DTXSID30191036"
"2950","DTXSID80453974"
"2951","DTXSID50465802"
"2952","DTXSID20372190"
"2953","DTXSID00370992"
"2954","DTXSID00395680"
"2955","DTXSID80381425"
"2956","DTXSID20233050"
"2957","DTXSID40880227"
"2958","DTXSID00207592"
"2959","DTXSID10370988"
"2960","DTXSID30233046"
"2961","DTXSID50897003"
"2962","DTXSID20896644"
"2963","DTXSID80177249"
"2964","DTXSID70191035"
"2965","DTXSID40198839"
"2966","DTXSID90896651"
"2967","DTXSID10896638"
"2968","DTXSID70896639"
"2969","DTXSID70896654"
"2970","DTXSID20896649"
"2971","DTXSID00892568"
"2972","DTXSID00874026"
"2973","DTXSID30880195"
"2974","DTXSID40167989"
"2975","DTXSID30880155"
"2976","DTXSID80897031"
"2977","DTXSID40108559"
"2978","DTXSID50880197"
"2979","DTXSID90880196"
"2980","DTXSID3071355"
"2981","DTXSID10893420"
"2982","DTXSID3070830"
"2983","DTXSID60880027"
"2984","DTXSID40191360"
"2985","DTXSID8071352"
"2986","DTXSID60880209"
"2987","DTXSID3071353"
"2988","DTXSID90880232"
"2989","DTXSID9066174"
"2990","DTXSID20880205"
"2991","DTXSID9067435"
"2992","DTXSID8037708"
"2993","DTXSID8071354"
"2994","DTXSID10880597"
"2995","DTXSID20897176"
"2996","DTXSID80791803"
"2997","DTXSID60831377"
"2998","DTXSID00767080"
"2999","DTXSID10774386"
"3000","DTXSID10896532"
"3001","DTXSID80896367"
"3002","DTXSID40896540"
"3003","DTXSID70896053"
"3004","DTXSID40338359"
"3005","DTXSID80897511"
"3006","DTXSID10896991"
"3007","DTXSID90380883"
"3008","DTXSID10700862"
"3009","DTXSID10573790"
"3010","DTXSID20229135"
"3011","DTXSID60880426"
"3012","DTXSID50381992"
"3013","DTXSID20786773"
"3014","DTXSID1072052"
"3015","DTXSID60880946"
"3016","DTXSID1072050"
"3017","DTXSID2072049"
"3018","DTXSID6072051"
"3019","DTXSID40521305"
"3020","DTXSID40611957"
"3021","DTXSID00896824"
"3022","DTXSID90707056"
"3023","DTXSID30544245"
"3024","DTXSID00276960"
"3025","DTXSID00371101"
"3026","DTXSID10548701"
"3027","DTXSID40293010"
"3028","DTXSID00437731"
"3029","DTXSID80553988"
"3030","DTXSID50707698"
"3031","DTXSID40728796"
"3032","DTXSID50623102"
"3033","DTXSID70372246"
"3034","DTXSID10527415"
"3035","DTXSID30558584"
"3036","DTXSID70527416"
"3037","DTXSID60556851"
"3038","DTXSID90827501"
"3039","DTXSID70373899"
"3040","DTXSID20519826"
"3041","DTXSID4059883"
"3042","DTXSID50452833"
"3043","DTXSID20889011"
"3044","DTXSID7075187"
"3045","DTXSID30565652"
"3046","DTXSID4074855"
"3047","DTXSID90461823"
"3048","DTXSID30239942"
"3049","DTXSID1072054"
"3050","DTXSID6072055"
"3051","DTXSID70566123"
"3052","DTXSID20528473"
"3053","DTXSID70763554"
"3054","DTXSID201023673"
"3055","DTXSID00830708"
"3056","DTXSID40830707"
"3057","DTXSID60896507"
"3058","DTXSID40896520"
"3059","DTXSID60434266"
"3060","DTXSID00447673"
"3061","DTXSID30342046"
"3062","DTXSID50792746"
"3063","DTXSID80896504"
"3064","DTXSID30896519"
"3065","DTXSID601023320"
"3066","DTXSID20895490"
"3067","DTXSID70895763"
"3068","DTXSID20895738"
"3069","DTXSID60776890"
"3070","DTXSID10785356"
"3071","DTXSID10382501"
"3072","DTXSID7074321"
"3073","DTXSID20222343"
"3074","DTXSID60631798"
"3075","DTXSID70456712"
"3076","DTXSID80437198"
"3077","DTXSID40186438"
"3078","DTXSID50371494"
"3079","DTXSID70459607"
"3080","DTXSID20895617"
"3081","DTXSID00379288"
"3082","DTXSID10379436"
"3083","DTXSID70380826"
"3084","DTXSID30897526"
"3085","DTXSID801021518"
"3086","DTXSID801021544"
"3087","DTXSID50892912"
"3088","DTXSID10896113"
"3089","DTXSID80896105"
"3090","DTXSID30896539"
"3091","DTXSID00896546"
"3092","DTXSID90505594"
"3093","DTXSID70896058"
"3094","DTXSID90473901"
"3095","DTXSID00244104"
"3096","DTXSID10170041"
"3097","DTXSID10450638"
"3098","DTXSID20775566"
"3099","DTXSID10501194"
"3100","DTXSID0066296"
"3101","DTXSID50181176"
"3102","DTXSID8074659"
"3103","DTXSID10191039"
"3104","DTXSID70697901"
"3105","DTXSID60502833"
"3106","DTXSID90568346"
"3107","DTXSID80569286"
"3108","DTXSID30433024"
"3109","DTXSID60440221"
"3110","DTXSID70880174"
"3111","DTXSID50583338"
"3112","DTXSID90897547"
"3113","DTXSID00631792"
"3114","DTXSID70816610"
"3115","DTXSID30816611"
"3116","DTXSID2075217"
"3117","DTXSID00223797"
"3118","DTXSID10880411"
"3119","DTXSID80893351"
"3120","DTXSID40893296"
"3121","DTXSID10896693"
"3122","DTXSID40508338"
"3123","DTXSID00766992"
"3124","DTXSID20531068"
"3125","DTXSID3059925"
"3126","DTXSID3059977"
"3127","DTXSID3059929"
"3128","DTXSID10521317"
"3129","DTXSID40760479"
"3130","DTXSID80512318"
"3131","DTXSID40521320"
"3132","DTXSID30844611"
"3133","DTXSID00453592"
"3134","DTXSID50527010"
"3135","DTXSID00895695"
"3136","DTXSID90818434"
"3137","DTXSID50547334"
"3138","DTXSID40235137"
"3139","DTXSID101021531"
"3140","DTXSID90896696"
"3141","DTXSID80808900"
"3142","DTXSID80889133"
"3143","DTXSID20380876"
"3144","DTXSID70371850"
"3145","DTXSID30371851"
"3146","DTXSID90507235"
"3147","DTXSID60371849"
"3148","DTXSID60338210"
"3149","DTXSID50371853"
"3150","DTXSID20164754"
"3151","DTXSID70371855"
"3152","DTXSID70404995"
"3153","DTXSID30471244"
"3154","DTXSID80763560"
"3155","DTXSID801023219"
"3156","DTXSID20341902"
"3157","DTXSID10338341"
"3158","DTXSID40614988"
"3159","DTXSID30566780"
"3160","DTXSID00631393"
"3161","DTXSID30277501"
"3162","DTXSID70441623"
"3163","DTXSID80462864"
"3164","DTXSID6070984"
"3165","DTXSID30188880"
"3166","DTXSID90433368"
"3167","DTXSID10458295"
"3168","DTXSID20475519"
"3169","DTXSID60469174"
"3170","DTXSID20973348"
"3171","DTXSID20450285"
"3172","DTXSID30732564"
"3173","DTXSID801000075"
"3174","DTXSID30544200"
"3175","DTXSID40895932"
"3176","DTXSID80895734"
"3177","DTXSID40895679"
"3178","DTXSID10895929"
"3179","DTXSID30380766"
"3180","DTXSID00195203"
"3181","DTXSID20896023"
"3182","DTXSID20521323"
"3183","DTXSID10574565"
"3184","DTXSID201023285"
"3185","DTXSID801022992"
"3186","DTXSID70895945"
"3187","DTXSID80768818"
"3188","DTXSID50896233"
"3189","DTXSID30896236"
"3190","DTXSID40896186"
"3191","DTXSID40371928"
"3192","DTXSID10896037"
"3193","DTXSID50895963"
"3194","DTXSID80336758"
"3195","DTXSID10551078"
"3196","DTXSID90550923"
"3197","DTXSID10371879"
"3198","DTXSID80382114"
"3199","DTXSID60896047"
"3200","DTXSID90381552"
"3201","DTXSID70795638"
"3202","DTXSID00548770"
"3203","DTXSID001022336"
"3204","DTXSID80371922"
"3205","DTXSID10795854"
"3206","DTXSID80537804"
"3207","DTXSID50382166"
"3208","DTXSID10508547"
"3209","DTXSID90896515"
"3210","DTXSID20471970"
"3211","DTXSID30825187"
"3212","DTXSID00794573"
"3213","DTXSID20382113"
"3214","DTXSID80896241"
"3215","DTXSID40892365"
"3216","DTXSID10895505"
"3217","DTXSID40895659"
"3218","DTXSID20570533"
"3219","DTXSID80895931"
"3220","DTXSID60896345"
"3221","DTXSID20818942"
"3222","DTXSID60409510"
"3223","DTXSID90896075"
"3224","DTXSID90893569"
"3225","DTXSID10619384"
"3226","DTXSID00895953"
"3227","DTXSID90895624"
"3228","DTXSID70895647"
"3229","DTXSID70895708"
"3230","DTXSID10895484"
"3231","DTXSID40895694"
"3232","DTXSID10895686"
"3233","DTXSID20895571"
"3234","DTXSID50895706"
"3235","DTXSID90769492"
"3236","DTXSID90895649"
"3237","DTXSID20371926"
"3238","DTXSID10896032"
"3239","DTXSID20775985"
"3240","DTXSID20895697"
"3241","DTXSID40371923"
"3242","DTXSID50760480"
"3243","DTXSID601023318"
"3244","DTXSID80334416"
"3245","DTXSID10468995"
"3246","DTXSID40896080"
"3247","DTXSID3062027"
"3248","DTXSID6070514"
"3249","DTXSID1071903"
"3250","DTXSID6071902"
"3251","DTXSID1071668"
"3252","DTXSID20880144"
"3253","DTXSID9059882"
"3254","DTXSID0073118"
"3255","DTXSID501019231"
"3256","DTXSID20371921"
"3257","DTXSID80194350"
"3258","DTXSID30871523"
"3259","DTXSID60184456"
"3260","DTXSID5062849"
"3261","DTXSID50335697"
"3262","DTXSID90659945"
"3263","DTXSID2059980"
"3264","DTXSID60844624"
"3265","DTXSID00844623"
"3266","DTXSID10788625"
"3267","DTXSID50443468"
"3268","DTXSID50880950"
"3269","DTXSID4075031"
"3270","DTXSID40895674"
"3271","DTXSID10892731"
"3272","DTXSID10881125"
"3273","DTXSID80894101"
"3274","DTXSID70894099"
"3275","DTXSID00895458"
"3276","DTXSID30895608"
"3277","DTXSID60895611"
"3278","DTXSID10895585"
"3279","DTXSID00895554"
"3280","DTXSID90561796"
"3281","DTXSID00892720"
"3282","DTXSID00227578"
"3283","DTXSID30895921"
"3284","DTXSID40572135"
"3285","DTXSID5060982"
"3286","DTXSID00507266"
"3287","DTXSID20508513"
"3288","DTXSID20431978"
"3289","DTXSID20892762"
"3290","DTXSID60713528"
"3291","DTXSID80379261"
"3292","DTXSID4059912"
"3293","DTXSID00883370"
"3294","DTXSID2060965"
"3295","DTXSID9059913"
"3296","DTXSID9059915"
"3297","DTXSID70156624"
"3298","DTXSID80506035"
"3299","DTXSID201022768"
"3300","DTXSID1061073"
"3301","DTXSID80464207"
"3302","DTXSID30503574"
"3303","DTXSID70409405"
"3304","DTXSID10402617"
"3305","DTXSID90453223"
"3306","DTXSID301022654"
"3307","DTXSID00557201"
"3308","DTXSID7066300"
"3309","DTXSID8065379"
"3310","DTXSID60631819"
"3311","DTXSID20220182"
"3312","DTXSID2073229"
"3313","DTXSID0060985"
"3314","DTXSID2044630"
"3315","DTXSID10896512"
"3316","DTXSID50895569"
"3317","DTXSID40335702"
"3318","DTXSID70335699"
"3319","DTXSID5060984"
"3320","DTXSID30952942"
"3321","DTXSID40185108"
"3322","DTXSID70182665"
"3323","DTXSID70374765"
"3324","DTXSID10191135"
"3325","DTXSID30635667"
"3326","DTXSID50659926"
"3327","DTXSID80881339"
"3328","DTXSID901023036"
"3329","DTXSID30635586"
"3330","DTXSID6073073"
"3331","DTXSID90880479"
"3332","DTXSID2032421"
"3333","DTXSID201021922"
"3334","DTXSID50508405"
"3335","DTXSID40380878"
"3336","DTXSID30881127"
"3337","DTXSID80881314"
"3338","DTXSID50897523"
"3339","DTXSID30896978"
"3340","DTXSID10771794"
"3341","DTXSID60730992"
"3342","DTXSID70241206"
"3343","DTXSID20477472"
"3344","DTXSID10830991"
"3345","DTXSID00775302"
"3346","DTXSID50874516"
"3347","DTXSID70706385"
"3348","DTXSID10881286"
"3349","DTXSID90896070"
"3350","DTXSID60338290"
"3351","DTXSID70980502"
"3352","DTXSID40766557"
"3353","DTXSID20379548"
"3354","DTXSID80544290"
"3355","DTXSID70536982"
"3356","DTXSID10625627"
"3357","DTXSID601018224"
"3358","DTXSID6061074"
"3359","DTXSID10536981"
"3360","DTXSID50592642"
"3361","DTXSID20512317"
"3362","DTXSID10896618"
"3363","DTXSID60502611"
"3364","DTXSID50292453"
"3365","DTXSID60710810"
"3366","DTXSID70503093"
"3367","DTXSID301023676"
"3368","DTXSID60660487"
"3369","DTXSID80896488"
"3370","DTXSID301023595"
"3371","DTXSID40895957"
"3372","DTXSID601023675"
"3373","DTXSID30896514"
"3374","DTXSID301023719"
"3375","DTXSID60830981"
"3376","DTXSID60591585"
"3377","DTXSID50441560"
"3378","DTXSID40575045"
"3379","DTXSID50543093"
"3380","DTXSID10543094"
"3381","DTXSID10543519"
"3382","DTXSID90543092"
"3383","DTXSID00512037"
"3384","DTXSID90802656"
"3385","DTXSID00551769"
"3386","DTXSID10840171"
"3387","DTXSID00575041"
"3388","DTXSID00895756"
"3389","DTXSID40382115"
"3390","DTXSID10510387"
"3391","DTXSID70814656"
"3392","DTXSID70510388"
"3393","DTXSID30510389"
"3394","DTXSID30573459"
"3395","DTXSID00561368"
"3396","DTXSID90544908"
"3397","DTXSID30672911"
"3398","DTXSID40896348"
"3399","DTXSID20575043"
"3400","DTXSID60512038"
"3401","DTXSID30802655"
"3402","DTXSID20750737"
"3403","DTXSID90750729"
"3404","DTXSID80750738"
"3405","DTXSID60750731"
"3406","DTXSID50750740"
"3407","DTXSID00750730"
"3408","DTXSID40750739"
"3409","DTXSID10510281"
"3410","DTXSID00458188"
"3411","DTXSID00896420"
"3412","DTXSID50663104"
"3413","DTXSID60880229"
"3414","DTXSID50542546"
"3415","DTXSID90434613"
"3416","DTXSID50524766"
"3417","DTXSID00525026"
"3418","DTXSID40895391"
"3419","DTXSID00382156"
"3420","DTXSID60525027"
"3421","DTXSID70895667"
"3422","DTXSID10380880"
"3423","DTXSID00379546"
"3424","DTXSID10547335"
"3425","DTXSID40543663"
"3426","DTXSID10855189"
"3427","DTXSID70382108"
"3428","DTXSID60895717"
"3429","DTXSID50379556"
"3430","DTXSID10379557"
"3431","DTXSID30557350"
"3432","DTXSID80377686"
"3433","DTXSID00377688"
"3434","DTXSID00188993"
"3435","DTXSID90896035"
"3436","DTXSID60290783"
"3437","DTXSID2059930"
"3438","DTXSID30146788"
"3439","DTXSID901023729"
"3440","DTXSID60893410"
"3441","DTXSID70887648"
"3442","DTXSID40377687"
"3443","DTXSID60377684"
"3444","DTXSID901023581"
"3445","DTXSID50880213"
"3446","DTXSID8044969"
"3447","DTXSID90881284"
"3448","DTXSID20382274"
"3449","DTXSID4059881"
"3450","DTXSID90379555"
"3451","DTXSID60369822"
"3452","DTXSID60338250"
"3453","DTXSID90285748"
"3454","DTXSID00335703"
"3455","DTXSID20335700"
"3456","DTXSID40379560"
"3457","DTXSID8059924"
"3458","DTXSID20379563"
"3459","DTXSID10335698"
"3460","DTXSID00578936"
"3461","DTXSID50377678"
"3462","DTXSID50895761"
"3463","DTXSID00379566"
"3464","DTXSID50379576"
"3465","DTXSID40566291"
"3466","DTXSID701023678"
"3467","DTXSID30880418"
"3468","DTXSID00776036"
"3469","DTXSID0069042"
"3470","DTXSID20150874"
"3471","DTXSID60880168"
"3472","DTXSID4069501"
"3473","DTXSID30292734"
"3474","DTXSID101007894"
"3475","DTXSID60239571"
"3476","DTXSID30798165"
"3477","DTXSID70895687"
"3478","DTXSID20896003"
"3479","DTXSID6071904"
"3480","DTXSID40841479"
"3481","DTXSID80841478"
"3482","DTXSID70769738"
"3483","DTXSID60878863"
"3484","DTXSID60895732"
"3485","DTXSID1071373"
"3486","DTXSID30813327"
"3487","DTXSID90963099"
"3488","DTXSID1071905"
"3489","DTXSID60895959"
"3490","DTXSID4059831"
"3491","DTXSID7070501"
"3492","DTXSID7067033"
"3493","DTXSID8059976"
"3494","DTXSID10897524"
"3495","DTXSID9068243"
"3496","DTXSID2070500"
"3497","DTXSID00754314"
"3498","DTXSID60754315"
"3499","DTXSID00529463"
"3500","DTXSID10895702"
"3501","DTXSID30895961"
"3502","DTXSID70570482"
"3503","DTXSID60895318"
"3504","DTXSID40389028"
"3505","DTXSID70236733"
"3506","DTXSID0067846"
"3507","DTXSID50895988"
"3508","DTXSID50896056"
"3509","DTXSID50236731"
"3510","DTXSID701023254"
"3511","DTXSID70895223"
"3512","DTXSID30895668"
"3513","DTXSID00895938"
"3514","DTXSID10754941"
"3515","DTXSID10547653"
"3516","DTXSID70793477"
"3517","DTXSID5071888"
"3518","DTXSID30507239"
"3519","DTXSID90764967"
"3520","DTXSID20893299"
"3521","DTXSID9071890"
"3522","DTXSID4070829"
"3523","DTXSID1071907"
"3524","DTXSID1032646"
"3525","DTXSID5067849"
"3526","DTXSID6071661"
"3527","DTXSID30204796"
"3528","DTXSID30895643"
"3529","DTXSID00344572"
"3530","DTXSID101022260"
"3531","DTXSID40379666"
"3532","DTXSID50478336"
"3533","DTXSID80389027"
"3534","DTXSID1067629"
"3535","DTXSID80865199"
"3536","DTXSID30232271"
"3537","DTXSID60895919"
"3538","DTXSID70893345"
"3539","DTXSID50177130"
"3540","DTXSID40895715"
"3541","DTXSID50575036"
"3542","DTXSID10575037"
"3543","DTXSID40338637"
"3544","DTXSID40505842"
"3545","DTXSID00896086"
"3546","DTXSID401007893"
"3547","DTXSID80895658"
"3548","DTXSID40813333"
"3549","DTXSID00895913"
"3550","DTXSID50813187"
"3551","DTXSID40895997"
"3552","DTXSID50896536"
"3553","DTXSID00896541"
"3554","DTXSID60617577"
"3555","DTXSID20791261"
"3556","DTXSID00631939"
"3557","DTXSID00896980"
"3558","DTXSID00542591"
"3559","DTXSID40881870"
"3560","DTXSID00895933"
"3561","DTXSID00895337"
"3562","DTXSID60895555"
"3563","DTXSID40692943"
"3564","DTXSID80771781"
"3565","DTXSID30880236"
"3566","DTXSID2060331"
"3567","DTXSID20894100"
"3568","DTXSID30892718"
"3569","DTXSID30382068"
"3570","DTXSID40526476"
"3571","DTXSID00623137"
"3572","DTXSID0047583"
"3573","DTXSID10538945"
"3574","DTXSID90520388"
"3575","DTXSID40548411"
"3576","DTXSID50896697"
"3577","DTXSID50607462"
"3578","DTXSID401014757"
"3579","DTXSID70431266"
"3580","DTXSID40379702"
"3581","DTXSID60400587"
"3582","DTXSID70895349"
"3583","DTXSID90379717"
"3584","DTXSID50895529"
"3585","DTXSID20626382"
"3586","DTXSID70221225"
"3587","DTXSID10191317"
"3588","DTXSID00559644"
"3589","DTXSID90547494"
"3590","DTXSID9041811"
"3591","DTXSID20461619"
"3592","DTXSID00458749"
"3593","DTXSID7073193"
"3594","DTXSID80379726"
"3595","DTXSID90194902"
"3596","DTXSID10895621"
"3597","DTXSID001023158"
"3598","DTXSID90456411"
"3599","DTXSID20336792"
"3600","DTXSID40797528"
"3601","DTXSID50185114"
"3602","DTXSID90173474"
"3603","DTXSID701023628"
"3604","DTXSID0059796"
"3605","DTXSID50880233"
"3606","DTXSID6071665"
"3607","DTXSID70892570"
"3608","DTXSID70623043"
"3609","DTXSID90624471"
"3610","DTXSID80892869"
"3611","DTXSID50712909"
"3612","DTXSID50895544"
"3613","DTXSID40187142"
"3614","DTXSID0059873"
"3615","DTXSID60786015"
"3616","DTXSID50315131"
"3617","DTXSID20892964"
"3618","DTXSID50167758"
"3619","DTXSID60813815"
"3620","DTXSID90587491"
"3621","DTXSID0074130"
"3622","DTXSID8040149"
"3623","DTXSID00709107"
"3624","DTXSID00713527"
"3625","DTXSID70870515"
"3626","DTXSID70578266"
"3627","DTXSID70886373"
"3628","DTXSID0059871"
"3629","DTXSID30394964"
"3630","DTXSID10758065"
"3631","DTXSID20896508"
"3632","DTXSID70759053"
"3633","DTXSID70184725"
"3634","DTXSID0046511"
"3635","DTXSID70276659"
"3636","DTXSID301023652"
"3637","DTXSID601023718"
"3638","DTXSID10892473"
"3639","DTXSID70896957"
"3640","DTXSID80315129"
"3641","DTXSID60235053"
"3642","DTXSID60188833"
"3643","DTXSID10379815"
"3644","DTXSID7047566"
"3645","DTXSID70501195"
"3646","DTXSID90315130"
"3647","DTXSID00201737"
"3648","DTXSID20880189"
"3649","DTXSID20870500"
"3650","DTXSID10189991"
"3651","DTXSID0036926"
"3652","DTXSID30190948"
"3653","DTXSID2066064"
"3654","DTXSID6070986"
"3655","DTXSID4065949"
"3656","DTXSID4071005"
"3657","DTXSID0071047"
"3658","DTXSID10379779"
"3659","DTXSID70893401"
"3660","DTXSID80892364"
"3661","DTXSID80528474"
"3662","DTXSID00892361"
"3663","DTXSID90239569"
"3664","DTXSID20892363"
"3665","DTXSID00446989"
"3666","DTXSID301023626"
"3667","DTXSID501023739"
"3668","DTXSID40897097"
"3669","DTXSID60871632"
"3670","DTXSID801020615"
"3671","DTXSID60896486"
"3672","DTXSID30892556"
"3673","DTXSID70880215"
"3674","DTXSID701023630"
"3675","DTXSID50880132"
"3676","DTXSID60880582"
"3677","DTXSID50895382"
"3678","DTXSID60472481"
"3679","DTXSID40381668"
"3680","DTXSID10893304"
"3681","DTXSID101023749"
"3682","DTXSID00892442"
"3683","DTXSID501023646"
"3684","DTXSID40880242"
"3685","DTXSID00542617"
"3686","DTXSID00184314"
"3687","DTXSID20893310"
"3688","DTXSID301023688"
"3689","DTXSID00880940"
"3690","DTXSID60892367"
"3691","DTXSID70191136"
"3692","DTXSID60897579"
"3693","DTXSID70379876"
"3694","DTXSID701022018"
"3695","DTXSID10380042"
"3696","DTXSID70880210"
"3697","DTXSID30892354"
"3698","DTXSID50381073"
"3699","DTXSID30382063"
"3700","DTXSID20880982"
"3701","DTXSID80380837"
"3702","DTXSID50375114"
"3703","DTXSID40379808"
"3704","DTXSID001023689"
"3705","DTXSID60663110"
"3706","DTXSID90540147"
"3707","DTXSID60897493"
"3708","DTXSID40897491"
"3709","DTXSID30709115"
"3710","DTXSID30870516"
"3711","DTXSID7065968"
"3712","DTXSID401023724"
"3713","DTXSID50562865"
"3714","DTXSID2065969"
"3715","DTXSID1070985"
"3716","DTXSID70881085"
"3717","DTXSID7066063"
"3718","DTXSID5065930"
"3719","DTXSID601006972"
"3720","DTXSID40882983"
"3721","DTXSID90893362"
"3722","DTXSID50892997"
"3723","DTXSID70892999"
"3724","DTXSID20892328"
"3725","DTXSID70275965"
"3726","DTXSID20867516"
"3727","DTXSID301023721"
"3728","DTXSID70379811"
"3729","DTXSID80892506"
"3730","DTXSID80371164"
"3731","DTXSID90888859"
"3732","DTXSID30235040"
"3733","DTXSID50893409"
"3734","DTXSID50379814"
"3735","DTXSID60862823"
"3736","DTXSID30880150"
"3737","DTXSID40892441"
"3738","DTXSID60880360"
"3739","DTXSID80880943"
"3740","DTXSID001023627"
"3741","DTXSID60880986"
"3742","DTXSID70338640"
"3743","DTXSID80880246"
"3744","DTXSID30379877"
"3745","DTXSID60500450"
"3746","DTXSID3044596"
"3747","DTXSID60881877"
"3748","DTXSID90893281"
"3749","DTXSID7059933"
"3750","DTXSID30893386"
"3751","DTXSID10379719"
"3752","DTXSID00203453"
"3753","DTXSID00895519"
"3754","DTXSID1071666"
"3755","DTXSID00896965"
"3756","DTXSID30880251"
"3757","DTXSID60873015"
"3758","DTXSID5030030"
"3759","DTXSID40190398"
"3760","DTXSID20861913"
"3761","DTXSID80892480"
"3762","DTXSID4059916"
"3763","DTXSID10861881"
"3764","DTXSID80562292"
"3765","DTXSID0041696"
"3766","DTXSID90276353"
"3767","DTXSID40290781"
"3768","DTXSID5075232"
"3769","DTXSID70863104"
"3770","DTXSID80893376"
"3771","DTXSID80379781"
"3772","DTXSID20379780"
"3773","DTXSID90872298"
"3774","DTXSID00873014"
"3775","DTXSID3040148"
"3776","DTXSID5059795"
"3777","DTXSID40892481"
"3778","DTXSID3031860"
"3779","DTXSID30379796"
"3780","DTXSID8059974"
"3781","DTXSID30184726"
"3782","DTXSID00892482"
"3783","DTXSID8031861"
"3784","DTXSID80460183"
"3785","DTXSID30870511"
"3786","DTXSID20892065"
"3787","DTXSID60844609"
"3788","DTXSID1075305"
"3789","DTXSID20187140"
"3790","DTXSID90191037"
"3791","DTXSID20191040"
"3792","DTXSID50218052"
"3793","DTXSID00188998"
"3794","DTXSID90471942"
"3795","DTXSID20377827"
"3796","DTXSID20382153"
"3797","DTXSID20892505"
"3798","DTXSID8059920"
"3799","DTXSID9059830"
"3800","DTXSID60892483"
"3801","DTXSID1037303"
"3802","DTXSID80379822"
"3803","DTXSID80382154"
"3804","DTXSID4059918"
"3805","DTXSID00226440"
"3806","DTXSID40188997"
"3807","DTXSID90892956"
"3808","DTXSID50469320"
"3809","DTXSID80873012"
"3810","DTXSID7040150"
"3811","DTXSID3059973"
"3812","DTXSID20892484"
"3813","DTXSID3031862"
"3814","DTXSID20897015"
"3815","DTXSID0059877"
"3816","DTXSID80187141"
"3817","DTXSID80188996"
"3818","DTXSID9038840"
"3819","DTXSID10430859"
"3820","DTXSID5073119"
"3821","DTXSID10187139"
"3822","DTXSID2063050"
"3823","DTXSID7061221"
"3824","DTXSID80189069"
"3825","DTXSID6074914"
"3826","DTXSID5059874"
"3827","DTXSID7061982"
"3828","DTXSID10191034"
"3829","DTXSID60334479"
"3830","DTXSID60873010"
"3831","DTXSID60881357"
"3832","DTXSID8071356"
"3833","DTXSID3071351"
"3834","DTXSID80892485"
"3835","DTXSID8031863"
"3836","DTXSID00379925"
"3837","DTXSID40204489"
"3838","DTXSID70336429"
"3839","DTXSID60195123"
"3840","DTXSID70381151"
"3841","DTXSID70215028"
"3842","DTXSID10904262"
"3843","DTXSID3038939"
"3844","DTXSID601016254"
"3845","DTXSID001016256"
"3846","DTXSID901016253"
"3847","DTXSID301016255"
"3848","DTXSID80108992"
"3849","DTXSID3031864"
"3850","DTXSID5027140"
"3851","DTXSID40892486"
"3852","DTXSID8031865"
"3853","DTXSID80896968"
"3854","DTXSID0059829"
"3855","DTXSID0060147"
"3856","DTXSID10435829"
"3857","DTXSID70880139"
"3858","DTXSID10375110"
"3859","DTXSID70366226"
"3860","DTXSID6071667"
"3861","DTXSID70892479"
"3862","DTXSID8062600"
"3863","DTXSID50880137"
"3864","DTXSID00892487"
"3865","DTXSID6062599"
"3866","DTXSID00377825"
"3867","DTXSID9059917"
"3868","DTXSID90380005"
"3869","DTXSID20276407"
"3870","DTXSID00892967"
"3871","DTXSID801022823"
"3872","DTXSID30870531"
"3873","DTXSID10892478"
"3874","DTXSID8059970"
"3875","DTXSID60374714"
"3876","DTXSID9059967"
"3877","DTXSID701014756"
"3878","DTXSID0061826"
"3879","DTXSID40380015"
"3880","DTXSID80380019"
"3881","DTXSID90184727"
"3882","DTXSID60892488"
"3883","DTXSID3059921"
"3884","DTXSID50177978"
"3885","DTXSID00380031"
"3886","DTXSID20892489"
"3887","DTXSID90868151"
"3888","DTXSID10880138"
"3889","DTXSID00210900"
"3890","DTXSID30335837"
"3891","DTXSID40904578"
"3892","DTXSID40904573"
"3893","DTXSID30892475"
"3894","DTXSID8047553"
"3895","DTXSID40377824"
"3896","DTXSID00485237"
"3897","DTXSID60485238"
"3898","DTXSID70446072"
"3899","DTXSID90574568"
"3900","DTXSID80530517"
"3901","DTXSID90896535"
"3902","DTXSID60896542"
"3903","DTXSID80330473"
"3904","DTXSID50423109"
"3905","DTXSID20433053"
"3906","DTXSID60797888"
"3907","DTXSID20827958"
"3908","DTXSID60798390"
"3909","DTXSID50798389"
"3910","DTXSID70823869"
"3911","DTXSID40382074"
"3912","DTXSID60896643"
"3913","DTXSID20880947"
"3914","DTXSID00239570"
"3915","DTXSID901020018"
"3916","DTXSID20893153"
"3917","DTXSID60892448"
"3918","DTXSID50232970"
"3919","DTXSID60880123"
"3920","DTXSID50896652"
"3921","DTXSID80880584"
"3922","DTXSID00896647"
"3923","DTXSID00896642"
"3924","DTXSID201023235"
"3925","DTXSID70881287"
"3926","DTXSID70893406"
"3927","DTXSID10659927"
"3928","DTXSID60881236"
"3929","DTXSID50880591"
"3930","DTXSID20896624"
"3931","DTXSID7070503"
"3932","DTXSID2070504"
"3933","DTXSID60462160"
"3934","DTXSID90896631"
"3935","DTXSID70892474"
"3936","DTXSID50880117"
"3937","DTXSID80880564"
"3938","DTXSID3037707"
"3939","DTXSID5062847"
"3940","DTXSID50182340"
"3941","DTXSID9069392"
"3942","DTXSID00896627"
"3943","DTXSID3037709"
"3944","DTXSID40896626"
"3945","DTXSID70896634"
"3946","DTXSID8037706"
"3947","DTXSID00880026"
"3948","DTXSID2063214"
"3949","DTXSID80896625"
"3950","DTXSID00883375"
"3951","DTXSID90896656"
"3952","DTXSID60531188"
"3953","DTXSID20896503"
"3954","DTXSID70896518"
"3955","DTXSID001003249"
"3956","DTXSID00336619"
"3957","DTXSID40895750"
"3958","DTXSID50895726"
"3959","DTXSID90974029"
"3960","DTXSID60896502"
"3961","DTXSID10896517"
"3962","DTXSID301023319"
"3963","DTXSID20701380"
"3964","DTXSID40823270"
"3965","DTXSID20831378"
"3966","DTXSID001023677"
"3967","DTXSID501023777"
"3968","DTXSID201023778"
"3969","DTXSID90896499"
"3970","DTXSID50896516"
"3971","DTXSID90335696"
"3972","DTXSID60335704"
"3973","DTXSID80335701"
"3974","DTXSID10895762"
"3975","DTXSID20766550"
"3976","DTXSID40896166"
"3977","DTXSID201023047"
"3978","DTXSID60895691"
"3979","DTXSID30895749"
"3980","DTXSID30896332"
"3981","DTXSID70895682"
"3982","DTXSID80763762"
"3983","DTXSID20548636"
"3984","DTXSID30810457"
"3985","DTXSID80159525"
"3986","DTXSID40159526"
"3987","DTXSID50159577"
"3988","DTXSID30150002"
"3989","DTXSID00159527"
"3990","DTXSID60159528"
"3991","DTXSID20159529"
"3992","DTXSID00883411"
"3993","DTXSID70880199"
"3994","DTXSID00880127"
"3995","DTXSID10897044"
"3996","DTXSID10576564"
"3997","DTXSID30894136"
"3998","DTXSID40382150"
"3999","DTXSID801010052"
"4000","DTXSID80896645"
"4001","DTXSID50635442"
"4002","DTXSID90635441"
"4003","DTXSID30896650"
"4004","DTXSID60892509"
"4005","DTXSID40896646"
"4006","DTXSID10896653"
"4007","DTXSID40892986"
"4008","DTXSID50892452"
"4009","DTXSID50638594"
"4010","DTXSID001009916"
"4011","DTXSID2071657"
"4012","DTXSID7071658"
"4013","DTXSID10893309"
"4014","DTXSID10896633"
"4015","DTXSID70880179"
"4016","DTXSID60892443"
"4017","DTXSID20880028"
"4018","DTXSID2071655"
"4019","DTXSID30880231"
"4020","DTXSID60714297"
"4021","DTXSID90892476"
"4022","DTXSID3052856"
"4023","DTXSID50893308"
"4024","DTXSID50896632"
"4025","DTXSID7071656"
"4026","DTXSID50635462"
"4027","DTXSID40880025"
"4028","DTXSID30896635"
"4029","DTXSID50893449"
"4030","DTXSID40880186"
"4031","DTXSID40880141"
"4032","DTXSID90896636"
"4033","DTXSID50763254"
"4034","DTXSID80795982"
"4035","DTXSID50703832"
"4036","DTXSID10757210"
"4037","DTXSID40895593"
"4038","DTXSID10378469"
"4039","DTXSID40511706"
"4040","DTXSID4062933"
"4041","DTXSID10436078"
"4042","DTXSID10519219"
"4043","DTXSID30342541"
"4044","DTXSID00853098"
"4045","DTXSID20572299"
"4046","DTXSID7061017"
"4047","DTXSID10301858"
"4048","DTXSID70380806"
"4049","DTXSID00189066"
"4050","DTXSID00380213"
"4051","DTXSID90183811"
"4052","DTXSID90450954"
"4053","DTXSID90438757"
"4054","DTXSID70342722"
"4055","DTXSID40880444"
"4056","DTXSID001021540"
"4057","DTXSID50229163"
"4058","DTXSID90631786"
"4059","DTXSID90880136"
"4060","DTXSID30701159"
"4061","DTXSID50626456"
"4062","DTXSID40880222"
"4063","DTXSID10621407"
"4064","DTXSID60183181"
"4065","DTXSID30974028"
"4066","DTXSID30187095"
"4067","DTXSID1073577"
"4068","DTXSID5073612"
"4069","DTXSID1071664"
"4070","DTXSID3071359"
"4071","DTXSID70502086"
"4072","DTXSID80379827"
"4073","DTXSID30591739"
"4074","DTXSID90793994"
"4075","DTXSID70817586"
"4076","DTXSID70237967"
"4077","DTXSID1074915"
"4078","DTXSID20767567"
"4079","DTXSID40701160"
"4080","DTXSID00537942"
"4081","DTXSID90601520"
"4082","DTXSID00578456"
"4083","DTXSID50470118"
"4084","DTXSID80564135"
"4085","DTXSID90897522"
"4086","DTXSID30897521"
"4087","DTXSID20209134"
"4088","DTXSID80880221"
"4089","DTXSID70477447"
"4090","DTXSID80235136"
"4091","DTXSID10611828"
"4092","DTXSID60759683"
"4093","DTXSID80834062"
"4094","DTXSID20834061"
"4095","DTXSID90594367"
"4096","DTXSID90601747"
"4097","DTXSID80768393"
"4098","DTXSID10880577"
"4099","DTXSID30880938"
"4100","DTXSID60880461"
"4101","DTXSID10631405"
"4102","DTXSID00525001"
"4103","DTXSID90895200"
"4104","DTXSID60525002"
"4105","DTXSID00382151"
"4106","DTXSID101023220"
"4107","DTXSID60896749"
"4108","DTXSID70896674"
"4109","DTXSID00380753"
"4110","DTXSID20896967"
"4111","DTXSID60703080"
"4112","DTXSID40380757"
"4113","DTXSID30540984"
"4114","DTXSID10789379"
"4115","DTXSID10542188"
"4116","DTXSID6071663"
"4117","DTXSID6071374"
"4118","DTXSID50520389"
"4119","DTXSID8075384"
"4120","DTXSID0059875"
"4121","DTXSID20619613"
"4122","DTXSID90892719"
"4123","DTXSID80544033"
"4124","DTXSID20715083"
"4125","DTXSID801022728"
"4126","DTXSID20895430"
"4127","DTXSID60620167"
"4128","DTXSID60603314"
"4129","DTXSID70232452"
"4130","DTXSID50233048"
"4131","DTXSID00399941"
"4132","DTXSID70189215"
"4133","DTXSID60189067"
"4134","DTXSID601021924"
"4135","DTXSID20694203"
"4136","DTXSID90897002"
